Player,MP,WS,WS/48,BPM
Adrian Dantley*,887,4.3,0.232,4.8
Al Wood,1822,2.3,0.061,-1.7
Albert King,2447,5.7,0.112,0.5
Alex English*,2988,10.3,0.166,4.6
Allan Bristow,371,0.2,0.03,-2.0
Allen Leavell,2602,3.8,0.071,0.8
Alton Lister,1885,3.8,0.096,-0.5
Alvan Adams,2447,6.5,0.128,2.5
Alvin Scott,1139,2.9,0.121,0.6
Andrew Toney,2474,7.3,0.141,0.7
Armond Hill,169,0.5,0.137,-0.8
Artis Gilmore*,2797,11.0,0.189,2.8
Audie Norris,311,-0.1,-0.022,-5.2
Ben Poquette,2331,5.0,0.103,-0.2
Bernard King*,2207,7.5,0.163,3.5
Bill Cartwright,2468,10.1,0.197,2.8
Bill Garnett,1411,3.9,0.133,0.7
Bill Hanzlik,1547,1.0,0.03,-2.5
Bill Laimbeer,2871,8.5,0.142,1.3
Bill Walton*,1099,2.0,0.086,2.9
Bill Willoughby,1146,1.2,0.073,-7.3
Billy Knight,2262,5.8,0.123,0.6
Billy McKinney,1559,2.3,0.072,-2.3
Billy Paultz,820,0.3,0.066,-5.7
Billy Ray Bates,304,-0.1,-0.264,-9.3
Bob Gross,373,0.2,0.032,-2.2
Bob Lanier*,978,2.3,0.112,0.5
Bob McAdoo*,1019,3.5,0.167,-0.2
Bob Wilkerson,1702,-0.3,-0.01,-3.2
Bobby Jones*,1749,6.4,0.175,4.0
Brad Branson,680,1.0,0.071,-1.6
Brad Davis,2323,7.3,0.152,2.0
Brian Winters,1361,2.1,0.074,-2.0
Brook Steppe,606,1.1,0.084,-1.6
Bruce Flowers,699,1.7,0.119,0.2
Bryan Warrick,727,0.1,0.008,-4.3
Buck Williams,2961,11.4,0.185,2.0
Butch Carter,1716,3.0,0.085,-1.0
Caldwell Jones,2440,2.5,0.05,-2.2
Calvin Garrett,34,0.0,-0.051,-4.6
Calvin Murphy*,1423,1.6,0.055,-1.7
Calvin Natt,2879,9.8,0.164,1.8
Carl Nicks,148,0.1,0.032,-2.7
Carlos Terry,514,0.8,0.072,-0.6
Cedric Maxwell,2252,6.6,0.14,1.0
Charles Bradley,532,0.2,0.02,-2.6
Charles Davis,1161,1.5,0.061,-1.4
Charles Pittman,170,0.1,0.032,-5.8
Charlie Criss,922,2.2,0.113,-0.2
Chris Engler,369,0.0,-0.006,-7.1
Chubby Cox,78,-0.2,-0.127,-6.6
Chuck Nevitt,64,0.1,0.057,-2.7
Clark Kellogg,2761,6.8,0.119,0.9
Clay Johnson,447,0.6,0.061,-3.4
Clemon Johnson,1914,4.3,0.225,0.9
Cliff Levingston,879,1.3,0.072,-2.1
Cliff Robinson,2601,4.4,0.081,-0.3
Clint Richardson,1755,3.3,0.09,-0.4
Coby Dietrick,34,0.0,-0.004,-3.8
Corny Thompson,520,-0.1,-0.01,-5.9
Craig Hodges,2022,0.8,0.018,-3.5
Dan Issel*,2431,8.4,0.165,2.1
Dan Roundfield,2811,7.4,0.127,1.7
Danny Ainge,2048,5.2,0.121,0.2
Danny Schayes,2284,1.9,0.095,-6.3
Danny Vranes,2054,4.2,0.099,-0.7
Darnell Valentine,1298,3.4,0.124,2.0
Darrell Griffith,2787,2.8,0.048,-0.9
Darren Tillis,526,0.5,-0.086,-8.9
Darryl Dawkins,2093,4.0,0.092,-0.8
Darwin Cook,2625,6.0,0.11,1.7
Dave Batton,558,0.7,0.062,-1.8
Dave Corzine,2496,4.0,0.076,-1.0
Dave Cowens*,1014,2.6,0.123,-0.4
Dave Greenwood,2355,3.6,0.073,-1.1
Dave Magley,56,-0.1,-0.066,-5.0
Dave Robisch,711,0.4,0.024,-4.3
David Thirdkill,521,0.3,0.023,-5.5
David Thompson*,2155,5.4,0.12,0.3
Dennis Johnson*,2551,6.6,0.125,0.9
Derek Smith,154,0.0,0.014,-6.9
Dominique Wilkins*,2697,5.8,0.103,0.5
Don Buse,643,1.7,0.124,1.5
Don Collins,1575,3.5,0.108,1.8
Dudley Bradley,683,1.1,0.077,0.6
Dwight Anderson,33,0.0,0.001,-4.8
Dwight Jones,1164,0.6,0.06,-8.5
Earl Cureton,987,0.8,0.041,-3.2
Ed Nealy,1643,4.7,0.137,0.6
Ed Rains,292,0.1,0.015,-4.1
Ed Sherod,1624,2.5,0.073,0.8
Eddie Johnson,4746,10.4,0.202,-0.1
Eddie Jordan,333,-0.8,-0.113,-7.0
Eddie Phillips,416,0.1,0.011,-4.7
Edgar Jones,1658,3.4,0.208,-2.7
Elston Turner,879,0.1,0.006,-2.2
Elvin Hayes*,2302,2.4,0.05,-1.4
Ernie Grunfeld,1422,2.2,0.073,-1.8
Fat Lever,2020,4.4,0.104,1.9
Foots Walker,1388,3.4,0.118,0.2
Frank Johnson,2324,3.0,0.061,-0.7
Franklin Edwards,1266,2.7,0.104,0.1
Fred Brown,1432,3.6,0.12,1.6
Freeman Williams,210,-0.2,-0.05,-7.3
Gene Banks,2722,7.9,0.14,1.7
Geoff Crompton,148,0.2,0.078,-2.9
Geoff Huston,2716,3.4,0.06,-1.9
George Gervin*,2830,9.4,0.159,1.8
George Johnson,2758,2.0,0.121,-1.8
Gerald Henderson,1551,2.3,0.073,-1.5
Glen Gondrezick,1130,2.5,0.108,0.4
Greg Ballard,2840,7.9,0.133,2.5
Greg Kelser,1507,3.9,0.123,-0.8
Gus Williams,2761,8.5,0.148,4.2
Guy Morgan,46,-0.1,-0.059,-4.6
Hank McDowell,505,0.7,0.139,-7.5
Harvey Catchings,1554,3.1,0.096,0.1
Herb Williams,2513,3.5,0.067,0.8
Hutch Jones,85,0.1,0.064,-3.7
Isiah Thomas*,3093,7.4,0.115,1.9
J.J. Anderson,1202,2.3,0.019,-6.6
Jack Sikma*,2564,9.8,0.183,2.5
Jamaal Wilkes*,2552,7.4,0.139,-0.5
James Bailey,1765,2.0,0.074,-7.6
James Donaldson,1789,5.1,0.138,0.9
James Edwards,667,1.4,0.205,-3.9
James Ray,433,0.2,0.022,-3.2
James Wilkes,129,0.1,0.038,-4.0
James Worthy*,1970,5.1,0.125,0.8
Jan van Breda Kolff,63,0.1,0.095,-3.1
Jawann Oldham,171,0.3,0.085,-2.2
Jay Vincent,2726,6.0,0.105,-0.2
Jeff Cook,1333,2.2,0.147,-3.1
Jeff Judkins,309,0.6,0.089,-1.6
Jeff Lamp,690,0.7,0.046,-3.2
Jeff Ruland,2862,10.1,0.169,2.8
Jeff Taylor,774,-0.2,-0.011,-3.1
Jeff Wilkins,2307,2.4,0.049,-3.6
Jerome Whitehead,905,2.1,0.11,-1.9
Jerry Eaves,1588,2.0,0.061,-2.7
Jerry Sichting,2435,2.7,0.053,-2.5
Jim Brogan,466,0.4,0.043,-1.6
Jim Johnstone,191,-0.1,-0.066,-9.4
Jim Paxson,2740,10.2,0.178,3.0
Jim Smith,18,0.1,0.189,-4.0
Jim Spanarkel,722,1.0,0.064,-1.5
Jim Zoet,30,-0.1,-0.123,-5.4
Joe Barry Carroll,2988,7.0,0.113,1.5
Joe Bryant,2055,0.0,-0.001,-3.5
Joe Cooper,333,0.1,-0.263,-12.0
Joe Hassett,139,0.0,-0.008,-3.8
Joe Kopicki,201,0.7,0.177,0.2
Joe Meriweather,1706,3.8,0.108,-0.7
Joel Kramer,458,0.8,0.085,-1.6
John Bagley,990,-0.2,-0.011,-2.7
John Douglas,12,0.0,0.013,-4.5
John Drew,1206,3.0,0.119,-0.3
John Duren,1433,0.4,0.013,-4.3
John Greig,26,0.1,0.182,-3.8
John Long,1485,0.2,0.005,-4.7
John Lucas,386,0.4,0.055,0.8
Johnny Davis,1465,3.5,0.113,0.9
Johnny High,1155,1.2,0.051,-0.7
Johnny Moore,2552,6.6,0.123,3.0
Jose Slaughter,515,-0.1,-0.007,-4.2
Julius Erving*,2421,10.9,0.217,6.5
Junior Bridgeman,1855,4.8,0.125,0.1
Kareem Abdul-Jabbar*,2554,10.9,0.205,4.5
Keith Edmonson,309,-0.3,-0.051,-5.9
Kelly Tripucka,2252,7.1,0.151,1.9
Kelvin Ransey,1607,2.2,0.066,-1.0
Kenny Carr,2331,5.1,0.106,-1.5
Kenny Dennard,224,0.3,0.069,-1.3
Kenny Natt,210,0.1,0.013,-4.9
Kent Benson,599,1.1,0.092,-0.6
Kevin Grevey,756,1.0,0.064,-2.4
Kevin Loder,818,0.9,0.051,-2.0
Kevin McHale*,2345,7.5,0.154,1.6
Kevin Porter,210,0.2,0.055,-2.7
Kiki Vandeweghe,2909,11.0,0.182,2.4
Kurt Nimphius,1515,2.9,0.093,-0.7
Kurt Rambis,1806,4.3,0.116,0.2
Kyle Macy,1836,6.4,0.168,1.9
LaSalle Thompson,987,2.3,0.11,-1.1
Larry Bird*,2982,14.0,0.225,7.5
Larry Drew,2690,7.2,0.128,1.6
Larry Kenon,770,0.8,-0.002,-9.6
Larry Nance,2914,10.5,0.172,3.5
Larry Smith,1433,3.1,0.102,-1.8
Larry Spriggs,39,0.1,0.069,-3.4
Len Elmore,975,0.9,0.045,-2.6
Leon Douglas,46,0.0,0.036,-4.3
Lester Conner,1416,2.7,0.092,1.5
Lewis Lloyd,1350,2.6,0.092,1.3
Linton Townes,516,0.7,0.064,-2.8
Lionel Hollins,1844,0.6,0.016,-2.3
Lonnie Shelton,2572,4.8,0.09,-0.5
Lorenzo Romar,2130,2.6,0.058,-1.3
Louis Orr,1666,3.8,0.111,0.4
Lowes Moore,642,0.2,0.017,-4.3
M.L. Carr,883,0.8,0.046,-2.9
Magic Johnson*,2907,12.5,0.207,7.2
Major Jones,878,0.1,0.004,-4.4
Marc Iavaroni,1612,1.5,0.045,-3.1
Mark Aguirre,2784,6.9,0.118,1.7
Mark Eaton,1528,0.8,0.026,-0.5
Mark Landsberger,356,0.4,0.061,-4.8
Mark McNamara,182,-0.2,-0.056,-8.4
Mark Olberding,1817,2.3,0.06,-2.7
Mark Radford,439,0.0,-0.001,-2.4
Marques Johnson,2853,10.7,0.18,4.5
Marty Byrnes,1436,1.0,0.034,-2.9
Marvin Webster,1472,4.0,0.13,0.6
Maurice Cheeks*,2465,9.4,0.183,4.7
Maurice Lucas,2586,7.1,0.132,-0.3
Michael Brooks,2457,4.7,0.091,0.4
Michael Cooper,2148,5.2,0.116,1.9
Micheal Ray Richardson,2076,2.0,0.098,0.9
Mickey Johnson,2053,4.1,0.233,-3.5
Mike Bratz,140,-0.1,-0.031,-4.6
Mike Davis,28,0.1,0.235,-3.0
Mike Dunleavy,1619,3.1,0.093,-0.3
Mike Evans,695,-0.2,-0.01,-5.3
Mike Glenn,1124,2.9,0.126,0.0
Mike Gminski,1255,4.3,0.166,2.1
Mike McGee,381,0.2,0.023,-5.1
Mike Mitchell,2803,7.6,0.131,-0.7
Mike O'Koren,803,2.0,0.118,1.3
Mike Sanders,393,0.8,0.093,-1.8
Mike Woodson,2426,7.8,0.153,3.4
Moses Malone*,2922,15.1,0.248,3.7
Mychal Thompson,3017,5.4,0.086,1.5
Norm Nixon,2711,3.9,0.069,-1.9
Oliver Robinson,147,0.1,0.018,-5.0
Orlando Woolridge,1627,3.6,0.107,0.4
Otis Birdsong,1885,5.2,0.132,1.0
Pat Cummings,2317,4.0,0.084,-1.7
Paul Griffin,956,1.4,0.068,-0.6
Paul Mokeski,1128,1.4,0.12,-7.3
Paul Pressey,1528,2.0,0.062,0.8
Paul Westphal*,1978,3.7,0.091,0.4
Pete Verhoeven,527,0.8,0.069,-2.7
Phil Ford,1610,2.4,0.129,-5.5
Phil Hubbard,1953,3.4,0.084,-1.3
Phil Smith,1238,1.7,0.065,-1.7
Purvis Short,2397,5.2,0.103,0.1
Quinn Buckner,1565,1.6,0.048,-1.4
Quintin Dailey,2081,2.1,0.049,-2.1
Randy Smith,1406,2.5,0.137,-4.8
Ray Tolbert,1107,1.1,0.083,-5.9
Ray Williams,2170,0.9,0.021,-1.1
Reggie Johnson,1541,2.4,0.137,-5.6
Reggie King,995,1.6,0.077,-1.0
Reggie Theus,2856,6.5,0.11,1.4
Rich Kelley,1345,2.4,0.163,-3.1
Richard Anderson,1274,0.5,0.017,-2.6
Rick Mahorn,3023,6.2,0.099,-0.4
Rick Robey,855,0.9,0.049,-3.5
Rickey Brown,1048,0.7,0.093,-9.8
Rickey Green,2783,6.6,0.114,2.0
Rickey Williams,346,-0.1,-0.017,-4.5
Ricky Pierce,265,-0.1,-0.02,-5.9
Ricky Sobers,1438,2.4,0.08,-0.7
Rob Williams,1443,-0.1,-0.004,-4.1
Robert Parish*,2459,10.8,0.211,4.3
Robert Smith,68,0.0,-0.04,-9.4
Rod Higgins,2196,3.8,0.083,-0.4
Roger Phegley,599,0.8,0.063,-2.2
Rolando Blackman,2349,5.7,0.116,0.4
Ron Brewer,1964,1.5,0.065,-5.1
Ronnie Lester,1437,1.7,0.057,-1.4
Rory Sparrow,2428,4.2,0.166,-1.3
Rory White,626,1.5,0.118,-1.1
Rudy Macklin,1171,1.8,0.073,-2.7
Russ Schoene,1222,1.7,0.123,-7.2
Sam Lacey,1232,-0.1,-0.004,-3.9
Sam Pellom,29,0.0,-0.148,-9.7
Sam Williams,1533,3.7,0.117,-0.5
Scott Hastings,140,0.1,0.03,-10.2
Scott Lloyd,206,0.3,0.068,-1.0
Scott May,155,0.1,0.045,-3.4
Scott Wedman,1793,2.2,0.119,-4.8
Sidney Moncrief*,2710,13.2,0.233,5.4
Sleepy Floyd,1248,2.2,0.169,-2.0
Sly Williams,1385,3.8,0.132,2.2
Spencer Haywood*,775,0.4,0.025,-4.6
Steve Hawes,1416,1.0,0.085,-6.7
Steve Hayes,1058,1.2,0.055,-3.8
Steve Johnson,1544,4.4,0.137,0.5
Steve Lingenfelter,53,0.0,0.009,-4.3
Steve Mix,809,2.4,0.229,-3.2
Swen Nater,51,-0.1,-0.053,-5.0
T.R. Dunn,2640,4.4,0.079,0.1
Terry Cummings,2531,8.7,0.164,3.0
Terry Duerod,49,-0.2,-0.149,-5.0
Terry Teagle,1708,-0.8,-0.022,-4.2
Terry Tyler,2543,5.8,0.11,1.6
Tiny Archibald*,1811,2.9,0.077,-2.0
Tom Chambers,2665,4.3,0.077,-1.6
Tom Henderson,789,0.4,0.022,-2.6
Tom McMillen,1364,2.0,0.071,-2.4
Tom Owens,725,0.6,0.041,-4.2
Tracy Jackson,1309,1.7,0.062,-1.2
Tree Rollins,2472,7.3,0.142,2.7
Trent Tucker,1830,4.0,0.104,-0.4
Truck Robinson,2426,3.3,0.065,-1.9
Vince Taylor,321,0.1,0.009,-3.2
Vinnie Johnson,2511,7.7,0.147,2.1
Walker Russell,757,-0.8,-0.054,-6.7
Wally Walker,2251,0.1,0.002,-3.6
Walter Davis,2491,8.1,0.156,2.3
Wayne Cooper,2099,2.9,0.067,-2.6
Wes Matthews,1187,0.7,0.028,-2.0
World B. Free,2638,5.7,0.19,0.3
