Rk,Player,Pos,Age,Tm,G,MP,PER,TS%,3PAr,FTr,ORB%,DRB%,TRB%,AST%,STL%,BLK%,TOV%,USG%,,OWS,DWS,WS,WS/48,,OBPM,DBPM,BPM,VORP
1,Kareem Abdul-Jabbar*,C,35,LAL,79,2554,23.6,0.619,0.002,0.302,7.6,17.6,12.8,10.8,1.1,3.5,12.6,24.6,,8,2.9,10.9,0.205,,4,0.5,4.5,4.2
2,Alvan Adams,C,28,PHO,80,2447,16.8,0.527,0.003,0.221,7.6,16.7,12.4,21.8,2.2,1.7,18.4,22,,2,4.5,6.5,0.128,,0.8,1.7,2.5,2.8
3,Mark Aguirre,SF,23,DAL,81,2784,20.5,0.535,0.048,0.371,7.3,12.5,9.8,18.2,1.3,0.5,12.4,30,,5.9,1,6.9,0.118,,3.6,-1.9,1.7,2.6
4,Danny Ainge,SG,23,BOS,80,2048,13.2,0.519,0.04,0.135,4.4,6.8,5.6,16.1,2.5,0.2,11.4,16.5,,2.8,2.4,5.2,0.121,,-1,1.2,0.2,1.2
5,Dwight Anderson,PG,22,DEN,5,33,10.6,0.571,0,0.714,0,6.1,3.1,11.5,1.3,0,21.4,26.2,,0,0,0,0.001,,-4.3,-0.5,-4.8,0
6,J.J. Anderson,SF,22,TOT,65,1202,13.7,0.526,0.011,0.462,10.4,14.4,12.5,7.6,2.3,0.9,14.8,17.4,,0.9,1.4,2.3,0.094,,-1,0,-0.9,0.3
6,J.J. Anderson,SF,22,PHI,13,48,3.9,0.364,0.045,0.136,9.2,16.9,13.2,2.8,1,0,17.7,23.4,,-0.1,0.1,-0.1,-0.082,,-5.1,-0.8,-5.9,-0.1
6,J.J. Anderson,SF,22,UTA,52,1154,14.2,0.535,0.008,0.482,10.5,14.3,12.5,7.8,2.4,0.9,14.6,17.2,,1,1.4,2.4,0.101,,-0.8,0.1,-0.7,0.4
7,Richard Anderson,C,22,SDC,78,1274,10.4,0.437,0.044,0.16,9.2,15.6,12.2,12.1,2.1,1.2,16.8,16.9,,-0.3,0.8,0.5,0.017,,-2.1,-0.5,-2.6,-0.2
8,Tiny Archibald*,PG,34,BOS,66,1811,12.3,0.509,0.043,0.535,1.5,3.9,2.7,28,1,0.1,19.3,18.3,,1.7,1.2,2.9,0.077,,0,-2,-2,0
9,John Bagley,PG,22,CLE,68,990,11.7,0.471,0.038,0.225,1.9,9.3,5.5,25.5,2.7,0.3,22.4,22.4,,-1.1,0.8,-0.2,-0.011,,-2.3,-0.4,-2.7,-0.2
10,James Bailey,PF,25,TOT,75,1765,15.6,0.544,0.001,0.416,9.8,19.6,14.4,6,1.1,1.9,17.6,25.2,,0.6,1.4,2,0.055,,-1.4,-1.2,-2.6,-0.3
10,James Bailey,PF,25,NJN,6,50,5,0.53,0,0.111,6.9,6.7,6.8,5.6,0.9,1.2,24.1,19.6,,0,0.1,0,0.018,,-4.9,-0.1,-5,-0.1
10,James Bailey,PF,25,HOU,69,1715,16,0.544,0.001,0.423,9.9,20,14.6,6,1.2,1.9,17.5,25.3,,0.6,1.4,2,0.056,,-1.3,-1.2,-2.6,-0.2
11,Greg Ballard,SF,28,WSB,78,2840,16.8,0.509,0.029,0.183,4.7,15.2,9.9,14.8,2.3,0.5,10.2,22.4,,2.8,5.1,7.9,0.133,,0.8,1.7,2.5,3.2
12,Gene Banks,PF,23,SAS,81,2722,16.7,0.579,0.005,0.303,9.2,15.1,12.3,13.7,1.3,0.4,14.1,17.7,,5.9,2,7.9,0.14,,2.2,-0.5,1.7,2.5
13,Billy Ray Bates,SG,26,TOT,19,304,8.4,0.398,0.034,0.152,4,2.9,3.5,7.2,2.2,0.6,7.2,22.6,,-0.4,0.4,0,-0.005,,-3.2,0.3,-2.9,-0.2
13,Billy Ray Bates,SG,26,WSB,15,277,9.9,0.428,0.039,0.155,4,3.2,3.6,7.9,2.3,0.6,8,22.4,,-0.2,0.4,0.1,0.023,,-2.9,0.4,-2.5,0
13,Billy Ray Bates,SG,26,LAL,4,27,-7.3,0.148,0,0.125,4.3,0,2.1,0,1.7,0,0,24.7,,-0.2,0,-0.2,-0.287,,-5.6,-1.2,-6.8,-0.1
14,Dave Batton,C,26,WSB,54,558,10.4,0.448,0.016,0.089,8.8,14.8,11.8,7.6,1.3,1.3,12.4,16.8,,-0.2,0.9,0.7,0.062,,-2.5,0.7,-1.8,0
15,Kent Benson,C,28,DET,21,599,13.2,0.51,0.005,0.275,9,18.1,13.5,10.6,1.1,1.5,14.6,15.4,,0.6,0.6,1.1,0.092,,-0.5,-0.1,-0.6,0.2
16,Larry Bird*,PF,26,BOS,79,2982,24.1,0.561,0.052,0.282,7,24.2,15.7,22.4,2.3,1.3,12.6,25,,8.4,5.6,14,0.225,,5.4,2.1,7.5,7.2
17,Otis Birdsong,SG,27,NJN,62,1885,15.1,0.521,0.007,0.174,3.2,5.7,4.5,19.1,2.1,0.5,11.3,21.1,,2.6,2.6,5.2,0.132,,0.4,0.6,1,1.4
18,Rolando Blackman,SG,23,DAL,75,2349,17,0.548,0.014,0.366,4.9,8.6,6.7,11.1,0.7,0.7,8.9,22.3,,5.5,0.1,5.7,0.116,,2.5,-2.1,0.4,1.4
19,Charles Bradley,SG,23,BOS,51,532,8.7,0.427,0.017,0.511,6.1,9.6,7.9,6.5,2.8,2.8,16.3,19,,-0.6,0.9,0.2,0.02,,-4.1,1.5,-2.6,-0.1
20,Dudley Bradley,SG,25,CHI,58,683,12.6,0.562,0.031,0.283,4.2,12.2,8.2,20.2,3.2,0.8,24.8,13.5,,0.4,0.7,1.1,0.077,,-1.6,2.2,0.6,0.4
21,Brad Branson,PF,24,IND,62,680,16,0.475,0.003,0.351,11,16.7,13.7,9.1,1.8,2.1,11.2,23.1,,0.5,0.5,1,0.071,,-0.3,-1.3,-1.6,0.1
22,Mike Bratz,PG,27,CHI,15,140,7,0.409,0.19,0.31,2.3,12.2,7.3,20.8,2.3,0,22.7,17,,-0.2,0.1,-0.1,-0.031,,-4.5,-0.1,-4.6,-0.1
23,Ron Brewer,SG,27,TOT,74,1964,11.5,0.475,0.022,0.211,3.2,4.9,4,6.9,2.1,0.7,9.9,20,,0.6,0.9,1.6,0.038,,-1.7,-0.6,-2.3,-0.2
23,Ron Brewer,SG,27,CLE,21,563,10.8,0.449,0.012,0.208,1.8,5.8,3.7,7.4,1.7,0.6,8.5,21.8,,-0.1,0.3,0.2,0.02,,-2.4,-0.7,-3.1,-0.2
23,Ron Brewer,SG,27,GSW,53,1401,11.8,0.486,0.027,0.212,3.7,4.6,4.1,6.6,2.3,0.8,10.5,19.2,,0.7,0.6,1.3,0.045,,-1.4,-0.6,-2,0
24,Junior Bridgeman,SF,29,MIL,70,1855,16.1,0.534,0.015,0.229,2.7,11.4,7.3,17.1,1,0.3,11.5,23.7,,2.7,2.1,4.8,0.125,,0.8,-0.7,0.1,1
25,Allan Bristow,SF,31,DAL,37,371,10.2,0.494,0.131,0.141,6.8,10.3,8.6,23.2,0.8,0.1,22.8,14.5,,0.2,0,0.2,0.03,,-0.7,-1.3,-2,0
26,Jim Brogan,SG,24,SDC,58,466,13.4,0.472,0.061,0.202,7.5,7.7,7.6,19.7,2.6,1.1,15.6,22.9,,0.2,0.2,0.4,0.043,,-1.1,-0.5,-1.6,0.1
27,Michael Brooks,SF,24,SDC,82,2457,15.2,0.526,0.018,0.334,10.3,14.2,12.1,14.2,2.1,0.9,15.7,17.9,,3.4,1.3,4.7,0.091,,0.9,-0.5,0.4,1.5
28,Fred Brown,PG,34,SEA,80,1432,17.7,0.546,0.045,0.101,2.5,4.6,3.6,26,1.9,0.5,12.9,23.9,,2.3,1.3,3.6,0.12,,2,-0.4,1.6,1.3
29,Rickey Brown,C,24,TOT,76,1048,10.1,0.505,0.009,0.301,9.2,18.4,13.7,3.3,0.6,1.4,17.2,18.2,,-0.1,0.8,0.7,0.034,,-3.8,-1.6,-5.4,-0.9
29,Rickey Brown,C,24,GSW,50,743,9.1,0.504,0.008,0.265,7.9,18.4,13,2.8,0.5,1.6,18,17.6,,-0.2,0.4,0.2,0.016,,-4.2,-1.8,-6,-0.8
29,Rickey Brown,C,24,ATL,26,305,12.4,0.506,0.01,0.385,12.2,18.4,15.3,4.3,0.8,0.9,15.3,19.6,,0.1,0.4,0.5,0.077,,-2.6,-1.2,-3.8,-0.1
30,Joe Bryant,SF,28,HOU,81,2055,10.4,0.483,0.047,0.215,4.3,10.5,7.2,13.3,1.9,0.8,17.4,19.8,,-1.2,1.1,0,-0.001,,-3,-0.5,-3.5,-0.8
31,Quinn Buckner,SG,28,BOS,72,1565,11.5,0.465,0.007,0.209,4.3,8.5,6.4,22.6,3.2,0.2,20.6,19.3,,-0.7,2.2,1.6,0.048,,-2.6,1.1,-1.4,0.2
32,Don Buse,PG,32,POR,41,643,13.8,0.48,0.192,0.253,3.3,6.1,4.7,23.4,3.3,0.2,11,14.4,,0.9,0.7,1.7,0.124,,-0.2,1.7,1.5,0.6
33,Marty Byrnes,SF,26,IND,80,1436,9.6,0.47,0.07,0.254,5.4,9.2,7.2,15.1,1.3,0.2,14.9,13.4,,0.8,0.2,1,0.034,,-1.8,-1.1,-2.9,-0.3
34,Kenny Carr,PF,27,POR,82,2331,13.7,0.559,0.008,0.51,8.7,19.7,14.2,6.9,1.3,1,17.4,18.5,,2.3,2.8,5.1,0.106,,-1,-0.4,-1.5,0.3
35,M.L. Carr,SF,32,BOS,77,883,9.7,0.475,0.06,0.257,6.2,10.4,8.3,10.3,2.5,0.6,18.4,19.1,,-0.4,1.2,0.8,0.046,,-3.6,0.7,-2.9,-0.2
36,Joe Barry Carroll,C,24,GSW,79,2988,20.1,0.549,0.002,0.307,7.7,17.5,12.5,8.6,1.7,2.9,14.1,26.5,,4.3,2.8,7,0.113,,1.9,-0.4,1.5,2.6
37,Butch Carter,SG,24,IND,81,1716,14.9,0.549,0.072,0.218,3.7,5.8,4.7,15.5,2.1,0.4,13.2,20.4,,2.6,0.5,3,0.085,,-0.1,-0.9,-1,0.4
38,Bill Cartwright,C,25,NYK,82,2468,19,0.627,0,0.636,8.7,19.5,14,8.6,0.8,3.2,16.5,21.3,,5.7,4.4,10.1,0.197,,1.3,1.5,2.8,3
39,Harvey Catchings,C,31,MIL,74,1554,9.8,0.51,0,0.467,9.8,18.6,14.4,6,0.8,5.3,25.9,8.5,,0.3,2.8,3.1,0.096,,-2.6,2.7,0.1,0.8
40,Tom Chambers,PF,23,SDC,79,2665,15.1,0.529,0.007,0.444,8.6,14,11.1,10,1.4,1.3,15.1,22.6,,3.3,1,4.3,0.077,,0,-1.6,-1.6,0.2
41,Maurice Cheeks*,PG,26,PHI,79,2465,18.6,0.582,0.008,0.322,2.4,6.4,4.5,29.6,3.5,0.7,17.4,16.6,,5.6,3.8,9.4,0.183,,2.4,2.3,4.7,4.2
42,Don Collins,SF,24,WSB,65,1575,15.5,0.55,0.009,0.214,8.1,6.7,7.4,13.4,2.7,1.1,17.4,22.1,,1,2.6,3.5,0.108,,0.1,1.7,1.8,1.5
43,Lester Conner,PG,23,GSW,75,1416,14,0.523,0.013,0.373,5.1,12,8.4,21.9,3.8,0.3,21.9,12.5,,1.2,1.5,2.7,0.092,,-0.7,2.2,1.5,1.3
44,Darwin Cook,PG,24,NJN,82,2625,14.3,0.494,0.039,0.245,3.2,7.1,5.2,23.6,3.4,1.1,17.9,19.9,,1.3,4.7,6,0.11,,-0.4,2,1.7,2.4
45,Jeff Cook,PF,26,TOT,75,1333,11.3,0.536,0.01,0.342,10.1,18.2,14.1,10.1,1.4,1.3,23.1,14.1,,0.5,1.7,2.2,0.078,,-2,0.7,-1.3,0.3
45,Jeff Cook,PF,26,PHO,45,551,9,0.492,0.014,0.38,9.2,16.3,12.9,13.3,1,1.3,25.3,16.4,,-0.2,0.8,0.6,0.052,,-3.6,0.6,-3.1,-0.1
45,Jeff Cook,PF,26,CLE,30,782,12.9,0.576,0.006,0.309,10.7,19.5,15,7.9,1.7,1.3,21,12.5,,0.7,0.8,1.6,0.095,,-0.9,0.9,0,0.4
46,Joe Cooper,C,25,TOT,20,333,10.4,0.531,0,0.403,13.4,16,14.6,6.4,1.3,3.5,27.4,13.8,,-0.1,0.3,0.2,0.028,,-2.5,-0.1,-2.6,-0.1
46,Joe Cooper,C,25,LAL,2,11,-5.7,0.25,0,0,21.1,0,10.1,0,4.2,4.8,42.9,25.1,,-0.1,0,-0.1,-0.329,,-5.3,-0.2,-5.5,0
46,Joe Cooper,C,25,WSB,5,47,7.2,0.579,0,1,9.3,21.4,15.3,5.8,0,0,31.6,16.7,,0,0.1,0,0.023,,-4.3,-0.1,-4.4,0
46,Joe Cooper,C,25,SDC,13,275,11.6,0.538,0,0.339,13.8,15.8,14.7,6.8,1.4,4,25.3,12.8,,0.1,0.2,0.2,0.043,,-2.1,-0.1,-2.1,0
47,Michael Cooper,SG,26,LAL,82,2148,13.5,0.577,0.042,0.262,4.4,9.5,7.1,16.7,2.5,1.2,18.8,12.5,,3.1,2.1,5.2,0.116,,0.4,1.5,1.9,2.1
48,Wayne Cooper,C,26,POR,80,2099,12.4,0.479,0.007,0.272,11.4,21.3,16.3,7.6,0.6,3.6,16.7,18.8,,0.1,2.8,2.9,0.067,,-2.6,0,-2.6,-0.3
49,Dave Corzine,C,26,CHI,82,2496,15.1,0.54,0.002,0.35,10.4,20.3,15.4,8.7,0.9,2.3,17.7,20,,1.9,2,4,0.076,,-0.3,-0.7,-1,0.6
50,Dave Cowens*,PF,34,MIL,40,1014,12.6,0.485,0.007,0.206,8.3,20.8,14.8,10.9,1.4,0.8,11.6,15.4,,0.9,1.7,2.6,0.123,,-1.2,0.8,-0.4,0.4
51,Chubby Cox,SG,27,WSB,7,78,1.6,0.366,0.054,0.162,9.8,4.3,7.1,11.5,0,0.7,18.5,25.9,,-0.3,0.1,-0.2,-0.127,,-5.4,-1.1,-6.6,-0.2
52,Charlie Criss,PG,34,MIL,66,922,14.5,0.504,0.083,0.203,1.8,7.4,4.7,19.8,1.4,0,9.7,20.3,,1.3,0.9,2.2,0.113,,0.3,-0.5,-0.2,0.4
53,Geoff Crompton,C,27,SAS,14,148,9.7,0.428,0,0.147,13.8,21.3,17.7,5.6,0.9,1.8,12.1,11.1,,0.1,0.1,0.2,0.078,,-2.6,-0.4,-2.9,0
54,Pat Cummings,C,26,DAL,81,2317,14.6,0.526,0.001,0.223,10.3,21,15.5,8.4,1.1,0.8,14.4,19.2,,2.5,1.5,4,0.084,,-0.4,-1.4,-1.7,0.2
55,Terry Cummings,PF,21,SDC,70,2531,22.8,0.557,0.001,0.315,12.6,21.6,16.7,10.9,2.4,1.4,12,26,,6.5,2.2,8.7,0.164,,3.8,-0.8,3,3.2
56,Earl Cureton,C,25,PHI,73,987,8.1,0.433,0,0.26,9.4,19,14.4,5.5,1.8,1.3,20.9,14.6,,-0.9,1.7,0.8,0.041,,-4,0.7,-3.2,-0.3
57,Quintin Dailey,SG,22,CHI,76,2081,14.1,0.508,0.025,0.28,4.5,8.9,6.7,20.3,1.6,0.3,15.3,24.8,,1.3,0.9,2.1,0.049,,-0.7,-1.4,-2.1,-0.1
58,Adrian Dantley*,SF,27,UTA,22,887,24.4,0.661,0,0.617,6.9,9.2,8,18.8,1,0,13.7,26.1,,3.8,0.5,4.3,0.232,,6,-1.2,4.8,1.5
59,Brad Davis,PG,27,DAL,79,2323,17.9,0.631,0.068,0.35,1.5,7.7,4.6,31.3,1.6,0.3,16.5,14.8,,6.8,0.5,7.3,0.152,,2.8,-0.8,2,2.3
60,Charles Davis,SF,24,WSB,74,1161,13.1,0.489,0.019,0.167,7.8,12.5,10.2,10.2,1.3,1.1,13.7,23.7,,-0.3,1.8,1.5,0.061,,-1.5,0.1,-1.4,0.2
61,Johnny Davis,SG,27,ATL,53,1465,16.8,0.521,0.032,0.363,2.7,6.6,4.6,32,1.4,0.3,14.8,21.9,,2.3,1.2,3.5,0.113,,1.8,-0.9,0.9,1.1
62,Mike Davis,PF,26,NYK,8,28,21.1,0.486,0,1,12.4,29.7,20.9,0,0,8.8,0,21.9,,0.1,0.1,0.1,0.235,,-3.4,0.4,-3,0
63,Walter Davis,SG,28,PHO,80,2491,19.1,0.548,0.018,0.175,2.9,5.7,4.4,25.1,2.2,0.3,11.9,25.8,,4.9,3.2,8.1,0.156,,2.3,0,2.3,2.7
64,Darryl Dawkins,C,26,NJN,81,2093,13.2,0.619,0,0.384,6.9,15.6,11.3,7.8,1.5,4.2,26.4,20,,0,4,4,0.092,,-2.9,2.1,-0.8,0.6
65,Kenny Dennard,PF,24,KCK,22,224,7.6,0.369,0,0.265,9.7,15.5,12.6,3,3.2,0.3,11.6,7.4,,0,0.3,0.3,0.069,,-2.4,1.1,-1.3,0.1
66,Coby Dietrick,C,34,SAS,8,34,4.9,0.17,0,0.4,6.7,18.6,12.8,19.5,1.4,0,14.5,8.1,,0,0,0,-0.004,,-4.1,0.3,-3.8,0
67,James Donaldson,C,25,SEA,82,1789,15.6,0.615,0,0.44,8.2,21.1,14.9,7.3,0.5,3,18.2,16.2,,2.5,2.6,5.1,0.138,,0,0.8,0.9,1.3
68,John Douglas,SG,26,SDC,3,12,7.8,0.363,0.333,0.333,0,10.3,4.7,10,0,0,0,22.3,,0,0,0,0.013,,-4.2,-0.4,-4.5,0
69,Leon Douglas,C,28,KCK,5,46,2,0.515,0,0.667,7.1,9.4,8.2,0,0,3.7,20.5,4.1,,0,0,0,0.036,,-4.4,0.1,-4.3,0
70,John Drew,SF,28,UTA,44,1206,19.6,0.552,0.007,0.584,8.5,11.3,9.9,12.8,1.3,0.3,13.8,31.7,,2.1,0.9,3,0.119,,1.8,-2.1,-0.3,0.5
71,Larry Drew,PG,24,KCK,75,2690,18.1,0.545,0.013,0.31,1.8,6.6,4.2,31.6,2.1,0.2,16.4,23.7,,5.1,2.1,7.2,0.128,,2.4,-0.8,1.6,2.4
72,Terry Duerod,SG,26,GSW,5,49,4.2,0.474,0,0,0,6.9,3.3,13.9,1.9,1.1,32.1,22.4,,-0.2,0,-0.2,-0.149,,-4.5,-0.5,-5,-0.1
73,Mike Dunleavy,PG,28,SAS,79,1619,14,0.53,0.38,0.302,1.3,7.5,4.5,33.6,2.1,0.1,21.7,18.2,,2.1,1,3.1,0.093,,0.7,-1,-0.3,0.7
74,T.R. Dunn,SG,27,DEN,82,2640,11.4,0.524,0.002,0.309,8.8,14.7,11.8,7.9,2.4,0.5,15.9,10,,2.6,1.8,4.4,0.079,,-0.1,0.2,0.1,1.4
75,John Duren,PG,24,IND,82,1433,8.2,0.481,0.036,0.15,2.7,5.5,4,17,2.1,0.2,20,13.1,,0,0.4,0.4,0.013,,-3.8,-0.5,-4.3,-0.8
76,Mark Eaton,C,26,UTA,81,1528,11,0.447,0.003,0.255,5.9,24.4,15.4,9.2,0.7,9.2,26.3,13.6,,-2.1,2.9,0.8,0.026,,-4.8,4.3,-0.5,0.6
77,Jerry Eaves,PG,23,UTA,82,1588,13,0.557,0.014,0.43,2.2,5.5,3.9,18.5,1.4,0.1,18.2,20.6,,1.2,0.8,2,0.061,,-1,-1.7,-2.7,-0.3
78,Keith Edmonson,SG,22,ATL,32,309,6.8,0.371,0.014,0.194,6.9,6.5,6.7,10.3,1.7,1.1,11.7,23,,-0.6,0.3,-0.3,-0.051,,-5,-0.8,-5.9,-0.3
79,Franklin Edwards,PG,23,PHI,81,1266,14.2,0.509,0.017,0.234,2,5,3.5,24,3,0.3,17.1,20.1,,1.1,1.7,2.7,0.104,,-0.8,0.9,0.1,0.7
80,James Edwards,C,27,TOT,31,667,14.5,0.523,0,0.411,9.5,16.7,13.1,8.8,0.9,1.6,13.6,22.4,,0.6,0.7,1.4,0.098,,-1.5,-0.5,-2,0
80,James Edwards,C,27,CLE,15,382,14.7,0.52,0,0.407,10.8,18,14.3,5.4,0.9,2.1,14.5,22.7,,0.2,0.3,0.6,0.074,,-1.7,-0.8,-2.5,-0.1
80,James Edwards,C,27,PHO,16,285,14.4,0.527,0,0.416,7.7,14.9,11.4,13.4,0.8,1,12.4,21.9,,0.4,0.4,0.8,0.131,,-1.3,0,-1.4,0.1
81,Len Elmore,C,30,NJN,74,975,8.2,0.441,0.004,0.344,9.5,18,13.8,5.1,2.1,2.3,22.8,14.7,,-1,1.9,0.9,0.045,,-4,1.4,-2.6,-0.2
82,Chris Engler,C,23,GSW,54,369,5.8,0.401,0,0.17,12.2,18.5,15.3,3.7,0.9,2.6,19.2,13.3,,-0.3,0.3,0,-0.006,,-6.2,-0.9,-7.1,-0.5
83,Alex English*,SF,29,DEN,82,2988,24.1,0.561,0.006,0.264,8.9,11.5,10.2,19.5,1.7,2.1,11.3,28.9,,8.7,1.6,10.3,0.166,,5.4,-0.8,4.6,5
84,Julius Erving*,SF,32,PHI,72,2421,23.1,0.566,0.006,0.372,7.9,13.3,10.7,16.5,2.2,3,12.6,25.5,,6.8,4.1,10.9,0.217,,4.6,1.9,6.5,5.2
85,Mike Evans,SG,27,DEN,42,695,8.9,0.504,0.037,0.169,0.6,7.9,4.2,19.5,1.4,0.2,21.4,17.6,,-0.3,0.1,-0.2,-0.01,,-3.6,-1.8,-5.3,-0.6
86,Bruce Flowers,PF,25,CLE,53,699,15.2,0.569,0.01,0.257,11.3,18.2,14.7,10.1,1.3,1,15.8,16.4,,1.1,0.6,1.7,0.119,,0,0.2,0.2,0.4
87,Sleepy Floyd,PG,22,TOT,76,1248,13.8,0.505,0.047,0.342,4.8,7.3,6,15.3,2.1,0.8,14.9,22.4,,1,1.1,2.2,0.083,,-0.6,-0.3,-0.9,0.3
87,Sleepy Floyd,PG,22,NJN,43,494,12.1,0.479,0.065,0.208,3.7,5.9,4.8,19.3,1.8,1.1,14.5,21.9,,0.2,0.7,0.9,0.089,,-1.4,0.2,-1.2,0.1
87,Sleepy Floyd,PG,22,GSW,33,754,15,0.521,0.035,0.434,5.6,8.2,6.8,12.7,2.4,0.6,15.1,22.7,,0.8,0.4,1.3,0.08,,-0.1,-0.6,-0.8,0.2
88,Phil Ford,PG,26,TOT,77,1610,10.4,0.525,0.02,0.276,1.3,5.6,3.5,24.1,1.5,0.1,21.2,16.2,,0.7,1.6,2.4,0.07,,-2.2,-0.4,-2.6,-0.3
88,Phil Ford,PG,26,NJN,7,163,9.1,0.596,0.029,0.286,0,4.8,2.4,30.4,1.7,0,34.8,14.6,,0,0.2,0.2,0.057,,-2.7,-0.3,-2.9,-0.1
88,Phil Ford,PG,26,MIL,70,1447,10.6,0.519,0.02,0.276,1.4,5.7,3.6,23.4,1.5,0.1,19.7,16.4,,0.7,1.4,2.2,0.072,,-2.2,-0.4,-2.6,-0.2
89,World B. Free,SG,29,TOT,73,2638,18.4,0.519,0.032,0.41,3.8,4.8,4.3,18.2,1.8,0.3,11.1,29.6,,4.5,1.2,5.7,0.104,,2.2,-1.2,1.1,2
89,World B. Free,SG,29,GSW,19,700,15.9,0.505,0.008,0.409,3.3,3.5,3.4,18.6,1,0.2,10.4,26.9,,1.1,0,1.1,0.077,,0.8,-2.7,-1.8,0
89,World B. Free,SG,29,CLE,54,1938,19.3,0.524,0.04,0.41,4,5.2,4.6,18.1,2.1,0.4,11.3,30.5,,3.4,1.1,4.6,0.113,,2.7,-0.6,2.1,2
90,Bill Garnett,C,22,DAL,75,1411,15,0.593,0.009,0.545,10.6,20.6,15.5,9,1.6,2.7,17,13.4,,2.6,1.3,3.9,0.133,,-0.2,0.9,0.7,1
91,Calvin Garrett,SF,26,HOU,4,34,6.4,0.421,0.091,0.182,8.9,13.4,11,12.1,0,0,20.2,17.5,,0,0,0,-0.051,,-4.1,-0.6,-4.6,0
92,George Gervin*,SG,30,SAS,78,2830,20.5,0.561,0.021,0.39,4.4,9.1,6.9,14,1.4,1.3,12,29.1,,7.6,1.8,9.4,0.159,,2.9,-1.1,1.8,2.7
93,Artis Gilmore*,C,33,SAS,82,2797,21.2,0.668,0.007,0.559,12.1,25.8,19.2,6.1,0.7,3.7,18.7,19.4,,7.5,3.5,11,0.189,,2.7,0.2,2.8,3.4
94,Mike Glenn,SG,27,ATL,73,1124,15.1,0.553,0.002,0.2,1.5,7,4.3,17.3,1.3,0.5,9.7,19.8,,2,0.9,2.9,0.126,,-0.2,0.2,0,0.6
95,Mike Gminski,C,23,NJN,80,1255,18.4,0.572,0.002,0.528,14,20.3,17.2,6.7,1.3,5.4,19.4,20.4,,1.7,2.6,4.3,0.166,,0.5,1.5,2.1,1.3
96,Glen Gondrezick,PF,27,DEN,76,1130,13.5,0.508,0.01,0.388,9.6,17.3,13.5,10,3,0.4,12.5,12.9,,1.5,1.1,2.5,0.108,,-0.4,0.8,0.4,0.7
97,Rickey Green,PG,28,UTA,78,2783,17.2,0.534,0.014,0.246,2.3,5.7,4.1,34.5,3.5,0.1,17.5,17.8,,3.8,2.8,6.6,0.114,,1.3,0.7,2,2.8
98,Dave Greenwood,PF,25,CHI,79,2355,13,0.5,0.006,0.34,9.9,24.9,17.4,8.5,1,2,16.3,15.5,,1.3,2.3,3.6,0.073,,-1,-0.1,-1.1,0.5
99,John Greig,SF,21,SEA,9,26,19.9,0.607,0,0.462,8.6,15.7,12.3,0,0,2,11.3,27.2,,0.1,0,0.1,0.182,,-3.6,-0.2,-3.8,0
100,Kevin Grevey,SF,29,WSB,41,756,9.5,0.458,0.129,0.235,2.6,4.6,3.6,9.5,1.1,0.5,7.7,19.3,,0.2,0.8,1,0.064,,-2.4,0,-2.4,-0.1
101,Paul Griffin,PF,29,SAS,53,956,8.9,0.579,0,0.655,9.1,15.3,12.3,10.3,1.6,1.4,31.3,9.1,,0.5,0.9,1.4,0.068,,-1.8,1.2,-0.6,0.3
102,Darrell Griffith,SG,24,UTA,77,2787,15.8,0.514,0.085,0.158,3.8,7.3,5.6,15.6,2.2,0.6,13.2,26.9,,0.6,2.2,2.8,0.048,,0.2,-1.1,-0.9,0.8
103,Bob Gross,SF,29,SDC,27,373,8.7,0.459,0.037,0.232,9.1,11.3,10.1,11.1,2.7,1.1,21,11.9,,0,0.2,0.2,0.032,,-2.8,0.6,-2.2,0
104,Ernie Grunfeld,SF,27,NYK,77,1422,8.9,0.494,0.011,0.26,3.4,10.1,6.7,13.5,1.4,0.4,16.7,15.1,,0.2,1.9,2.2,0.073,,-2.8,1,-1.8,0.1
105,Bill Hanzlik,SF,25,DEN,82,1547,10.6,0.493,0.016,0.366,5.2,10.2,7.7,19.7,2.1,0.5,22.1,15.6,,0.3,0.7,1,0.03,,-2,-0.4,-2.5,-0.2
106,Joe Hassett,SG,27,GSW,6,139,7.5,0.443,0.205,0,2.3,6.4,4.3,19.4,0.7,0,17,15,,0,0,0,-0.008,,-2.7,-1.2,-3.8,-0.1
107,Scott Hastings,C-PF,22,TOT,31,140,6.4,0.395,0.079,0.526,12.1,21.6,16.8,2.9,2.1,0.4,16.1,16.8,,-0.2,0.3,0.1,0.031,,-5.3,0,-5.3,-0.2
107,Scott Hastings,C,22,NYK,21,98,5.4,0.408,0.045,0.636,11.8,25.4,18.6,1.4,2.5,0,17.6,14.8,,-0.1,0.2,0.1,0.054,,-5.9,0.2,-5.7,-0.1
107,Scott Hastings,PF,22,ATL,10,42,8.8,0.376,0.125,0.375,12.7,12.6,12.6,6.5,1.2,1.3,13.9,21.5,,-0.1,0,0,-0.024,,-4,-0.5,-4.5,0
108,Steve Hawes,PF,32,TOT,77,1416,8.6,0.464,0.054,0.241,6.2,20.7,13.6,8.9,1.3,0.5,19.9,15.6,,-1,2,1,0.035,,-3.9,0.4,-3.5,-0.5
108,Steve Hawes,PF,32,ATL,46,860,8,0.424,0.057,0.254,6.6,21.5,14.1,9.3,1.6,0.5,21.2,16.7,,-1.2,1.3,0.1,0.006,,-4.7,0.5,-4.2,-0.5
108,Steve Hawes,PF,32,SEA,31,556,9.7,0.531,0.048,0.219,5.6,19.3,12.7,8.3,0.8,0.6,17.5,14,,0.2,0.7,0.9,0.079,,-2.8,0.3,-2.5,-0.1
109,Elvin Hayes*,PF,37,HOU,81,2302,14.7,0.515,0.004,0.322,8.7,20.7,14.3,10.4,1,2,16.4,21.1,,0.6,1.8,2.4,0.05,,-0.7,-0.7,-1.4,0.4
110,Steve Hayes,C,27,CLE,65,1058,8.2,0.495,0.005,0.235,10.7,14.8,12.7,4.7,0.8,2.3,17,11.5,,0.4,0.8,1.2,0.055,,-4.1,0.3,-3.8,-0.5
111,Spencer Haywood*,PF,33,WSB,38,775,10,0.447,0.003,0.279,10.9,15.3,13.1,5.7,0.7,2,16.1,22.3,,-0.8,1.2,0.4,0.025,,-4.1,-0.5,-4.6,-0.5
112,Gerald Henderson,PG,27,BOS,82,1551,12.1,0.496,0.026,0.215,4,4.6,4.3,16.7,2.8,0.1,15.9,20.3,,0.5,1.8,2.3,0.073,,-2.1,0.6,-1.5,0.2
113,Tom Henderson,SG,31,HOU,51,789,11.5,0.45,0.008,0.217,2.3,7.4,4.7,24.6,2.2,0.1,14.8,17.1,,0,0.3,0.4,0.022,,-2.1,-0.5,-2.6,-0.1
114,Rod Higgins,SF,23,CHI,82,2196,12.7,0.521,0.059,0.378,7.7,10.1,8.9,10.7,1.4,1.6,13.5,16.6,,2.7,1.2,3.8,0.083,,-0.1,-0.3,-0.4,0.9
115,Johnny High,SG,25,PHO,82,1155,8.6,0.477,0.023,0.627,4.5,9.6,7.2,16.3,3.5,1.6,27.7,13.5,,-1,2.2,1.2,0.051,,-4,3.3,-0.7,0.4
116,Armond Hill,PG,29,MIL,14,169,12.6,0.645,0,0.846,3.4,9.3,6.5,20.1,2.6,0,26.7,11.9,,0.2,0.2,0.5,0.137,,-2,1.2,-0.8,0.1
117,Craig Hodges,SG,22,SDC,76,2022,10.3,0.493,0.128,0.185,2.8,4.2,3.4,18,1.9,0.1,17.5,17.7,,0.6,0.2,0.8,0.018,,-1.9,-1.7,-3.5,-0.8
118,Lionel Hollins,PG,29,SDC,56,1844,12.8,0.476,0.029,0.25,1.7,6.6,4,27.2,2.8,0.4,19.9,21,,-0.2,0.8,0.6,0.016,,-1.1,-1.2,-2.3,-0.1
119,Phil Hubbard,SF,26,CLE,82,1953,13.9,0.536,0.003,0.496,12.6,14.9,13.7,6.7,2.2,0.2,17.8,19,,1.6,1.8,3.4,0.084,,-1,-0.3,-1.3,0.4
120,Geoff Huston,PG,25,CLE,80,2716,12.6,0.518,0.014,0.294,1.7,5.1,3.3,26.5,1.3,0.1,17.2,17.6,,2.4,1,3.4,0.06,,-0.6,-1.3,-1.9,0
121,Marc Iavaroni,PF,26,PHI,80,1612,7.3,0.502,0.006,0.32,8,13.3,10.8,6.4,0.9,1.5,24.8,13.2,,-0.6,2.1,1.5,0.045,,-3.5,0.5,-3.1,-0.4
122,Dan Issel*,C,34,DEN,80,2431,21.6,0.573,0.015,0.37,6.3,18.6,12.4,12.6,1.5,0.9,10.4,25.5,,6.8,1.5,8.4,0.165,,3.2,-1.2,2.1,2.5
123,Tracy Jackson,SG,23,CHI,78,1309,11.9,0.511,0.031,0.296,7.1,7.5,7.3,10.9,2.2,0.4,14.7,16.7,,1,0.7,1.7,0.062,,-1.1,-0.1,-1.2,0.3
124,Clay Johnson,SG,26,LAL,48,447,9.4,0.461,0.015,0.356,10.4,6.9,8.5,6.1,2.3,0.5,13.8,16,,0.2,0.3,0.6,0.061,,-2.6,-0.8,-3.4,-0.2
125,Clemon Johnson,C,26,TOT,83,1914,15.3,0.537,0.002,0.31,10.5,18.9,14.6,9.5,1.6,2.7,15.8,16.1,,2.1,2.2,4.3,0.109,,0.2,0.5,0.7,1.3
125,Clemon Johnson,C,26,IND,51,1216,16.8,0.545,0.003,0.306,9.7,19,14.1,12.4,1.9,2.9,16.3,17.5,,1.5,1.1,2.5,0.1,,0.7,0.6,1.3,1
125,Clemon Johnson,C,26,PHI,32,698,12.8,0.52,0,0.319,11.8,18.8,15.5,4.4,1.1,2.3,14.8,13.8,,0.7,1.1,1.8,0.125,,-0.8,0.4,-0.4,0.3
126,Dennis Johnson*,PG,28,PHO,77,2551,14.8,0.534,0.036,0.429,4.2,10.1,7.2,20.4,1.8,0.9,16.6,19.6,,3,3.6,6.6,0.125,,0.3,0.6,0.9,1.9
127,Eddie Johnson,SG,27,ATL,61,1813,16,0.508,0.048,0.276,1.5,5.7,3.6,27.7,1.6,0.2,13.9,25.7,,1.6,1.5,3,0.081,,0.8,-1.1,-0.3,0.8
128,Eddie Johnson,SF,23,KCK,82,2933,15.9,0.537,0.052,0.231,7,11.4,9.2,10.4,1.1,0.4,10.7,22.2,,5.3,2.1,7.4,0.121,,1.6,-1.3,0.2,1.7
129,Frank Johnson,PG,24,WSB,68,2324,12.9,0.473,0.078,0.332,2.2,6.3,4.2,33.9,2.3,0.1,20.9,20.3,,-0.4,3.3,3,0.061,,-0.9,0.2,-0.7,0.8
130,George Johnson,C,34,ATL,37,461,10.8,0.49,0,0.333,10.2,16.8,13.5,4.6,1.1,7.2,22.5,7.6,,0.1,0.8,1,0.1,,-2.8,3.7,0.9,0.3
131,George Johnson,SF,26,IND,82,2297,12.7,0.509,0.044,0.2,7.9,18.2,12.8,12.7,1.5,1.3,20.6,20.1,,-0.4,1.4,1,0.021,,-1.7,-0.9,-2.7,-0.4
132,Magic Johnson*,SG,23,LAL,79,2907,23,0.603,0.023,0.407,8.5,17.1,13,34.4,2.8,0.9,21.5,19,,8.8,3.8,12.5,0.207,,5.4,1.8,7.2,6.8
133,Marques Johnson,SF,26,MIL,80,2853,21.1,0.543,0.014,0.253,7.9,13.5,10.8,20.3,1.7,1.1,11,25.7,,6.6,4.1,10.7,0.18,,4.2,0.4,4.5,4.7
134,Mickey Johnson,PF,30,TOT,78,2053,15.8,0.504,0.039,0.413,8.7,18,13.3,17.5,1.8,1.3,17.9,25.5,,1.2,2.9,4.1,0.095,,-0.4,0.3,-0.2,0.9
134,Mickey Johnson,PF,30,MIL,6,153,9.8,0.479,0.03,0.136,6.8,11,9,10.5,0.3,0.7,14.6,22.2,,0,0.1,0.1,0.034,,-2.8,-1,-3.7,-0.1
134,Mickey Johnson,PF,30,NJN,42,1001,16.1,0.483,0.034,0.405,7.5,17.6,12.7,20.8,2.6,1.2,17.2,27.7,,0.3,2,2.3,0.111,,-0.4,1.2,0.8,0.7
134,Mickey Johnson,PF,30,GSW,30,899,16.5,0.537,0.047,0.474,10.3,19.6,14.8,15.1,1.3,1.4,19.5,23.5,,0.9,0.7,1.7,0.088,,0,-0.6,-0.6,0.3
135,Reggie Johnson,SF,25,TOT,79,1541,10.5,0.521,0.008,0.255,7.6,12.7,10.1,6,0.8,1.6,15.5,16.9,,0.9,1.5,2.4,0.074,,-2.2,-0.4,-2.6,-0.2
135,Reggie Johnson,SF,25,KCK,50,992,12.2,0.539,0.011,0.282,8.2,13.7,11,6.4,0.8,1.5,14.7,18.1,,1,0.8,1.8,0.087,,-1.4,-0.7,-2,0
135,Reggie Johnson,SF,25,PHI,29,549,7.4,0.478,0,0.195,6.4,10.7,8.6,5.4,0.7,1.7,17.3,14.6,,-0.1,0.6,0.6,0.05,,-3.6,0,-3.6,-0.2
136,Steve Johnson,C,25,KCK,79,1544,18.1,0.629,0,0.545,9.8,18.1,13.9,8.8,1.2,3,19.6,22.8,,2.5,1.9,4.4,0.137,,-0.2,0.7,0.5,1
137,Vinnie Johnson,SG,26,DET,82,2511,17.6,0.563,0.039,0.311,6.8,7.9,7.3,17,1.7,1,11.7,20,,5.9,1.8,7.7,0.147,,2.1,0,2.1,2.6
138,Jim Johnstone,PF-C,22,TOT,23,191,4.5,0.399,0,0.667,8.2,17.2,12.7,6.8,0.7,1.9,27.9,11,,-0.2,0.2,-0.1,-0.02,,-4.4,0,-4.4,-0.2
138,Jim Johnstone,C,22,SAS,7,54,1.7,0.287,0,0.5,8.4,23.4,16.2,2.1,0.9,1,24.7,12,,-0.1,0.1,-0.1,-0.065,,-4.8,-0.6,-5.4,-0.1
138,Jim Johnstone,PF,22,DET,16,137,5.6,0.451,0,0.75,8.2,14.7,11.4,8.6,0.7,2.3,29.3,10.6,,-0.1,0.1,0,-0.001,,-4.2,0.2,-4,-0.1
139,Bobby Jones*,PF,31,PHI,74,1749,16.4,0.603,0.002,0.452,6.4,14,10.4,10.6,2.3,2.9,16.5,15,,3.3,3.1,6.4,0.175,,1.3,2.8,4,2.7
140,Caldwell Jones,C,32,HOU,82,2440,12.3,0.505,0.003,0.304,9.2,20.9,14.7,7.9,0.9,3,18.2,15.4,,0.4,2.1,2.5,0.05,,-2.2,0,-2.2,-0.1
141,Dwight Jones,PF,30,TOT,81,1164,9.2,0.495,0.003,0.378,7.9,20.6,14.4,6.7,1.2,1,21,16.1,,-0.4,1.1,0.6,0.027,,-3.6,-0.6,-4.2,-0.7
141,Dwight Jones,PF,30,CHI,49,673,9.5,0.485,0,0.389,8.9,22.1,15.5,7.8,1.2,1.1,22.6,16.8,,-0.5,0.6,0.1,0.008,,-3.5,-0.6,-4,-0.3
141,Dwight Jones,PF,30,LAL,32,491,8.8,0.509,0.008,0.364,6.6,18.5,12.9,5.1,1.2,1,18.6,15.1,,0,0.5,0.5,0.052,,-3.9,-0.6,-4.5,-0.3
142,Edgar Jones,PF,26,TOT,77,1658,13.9,0.56,0.019,0.597,8.7,19.9,14.3,6.9,1.2,3.5,19.4,17.7,,1.4,2,3.4,0.098,,-1.9,0.7,-1.3,0.3
142,Edgar Jones,PF,26,DET,49,1036,13.5,0.553,0.02,0.585,7.9,19.6,13.6,8.6,1.2,3.9,21.8,17.6,,0.4,1.3,1.7,0.079,,-2.3,1.2,-1,0.3
142,Edgar Jones,PF,26,SAS,28,622,14.7,0.57,0.016,0.616,10.2,20.5,15.5,4.1,1,2.7,15.5,17.8,,1,0.7,1.7,0.129,,-1.4,-0.3,-1.7,0.1
143,Hutch Jones,SF,23,SDC,9,85,13,0.505,0,0.162,12.4,10.2,11.4,6.6,1.6,0,13.1,20.9,,0.1,0,0.1,0.064,,-2.7,-1,-3.7,0
144,Major Jones,PF,29,HOU,60,878,11.9,0.478,0.006,0.328,13.1,19.4,16,6.5,1.2,1.4,18.9,20,,-0.6,0.6,0.1,0.004,,-2.7,-1.8,-4.4,-0.5
145,Eddie Jordan,PG,28,LAL,35,333,5.2,0.337,0.121,0.129,2.8,5.7,4.3,27.2,4.3,0.2,27.9,23,,-1.2,0.4,-0.8,-0.113,,-6.6,-0.5,-7,-0.5
146,Jeff Judkins,SF,26,POR,34,309,10.9,0.519,0.091,0.341,6.5,9.1,7.8,7.3,2.3,0.4,14.4,15.5,,0.3,0.3,0.6,0.089,,-1.9,0.3,-1.6,0.1
147,Rich Kelley,C,29,TOT,70,1345,12.2,0.543,0,0.597,10,20.3,15.3,12.2,1.8,1.5,24.2,13.8,,0.9,1.5,2.4,0.086,,-2,0.7,-1.3,0.2
147,Rich Kelley,C,29,DEN,38,565,10.9,0.503,0,0.496,10.9,19.9,15.4,11.6,1.6,1.6,23.6,14.7,,0.2,0.5,0.6,0.053,,-2.9,0.1,-2.9,-0.1
147,Rich Kelley,C,29,UTA,32,780,13.2,0.578,0,0.691,9.4,20.6,15.2,12.6,1.9,1.4,24.7,13.2,,0.7,1.1,1.8,0.11,,-1.3,1.1,-0.2,0.4
148,Clark Kellogg,PF,21,IND,81,2761,20.3,0.516,0.013,0.248,12.6,21.3,16.8,11.7,2.4,0.9,12.1,25.5,,4.4,2.4,6.8,0.119,,2.1,-1.2,0.9,2
149,Greg Kelser,SF,25,SEA,80,1507,14.7,0.592,0.007,0.571,11.7,16.6,14.3,8.6,1.6,1.2,20.9,18.9,,1.7,2.1,3.9,0.123,,-1.1,0.4,-0.8,0.5
150,Larry Kenon,PF,30,TOT,48,770,12.3,0.496,0.004,0.222,9.4,12.2,10.8,7.5,1.5,0.7,14.3,17.7,,0.4,0.5,0.9,0.055,,-0.7,-0.6,-1.3,0.1
150,Larry Kenon,PF,30,CHI,5,25,1.1,0.333,0,0,4.3,12.8,8.6,0,1.8,0,25,12.4,,-0.1,0,-0.1,-0.101,,-4.6,-0.3,-4.9,0
150,Larry Kenon,PF,30,GSW,11,121,9.6,0.468,0,0.282,11.3,12,11.6,5.3,0.4,0,12,16.2,,0.1,0,0.1,0.034,,-2.5,-1.6,-4.1,-0.1
150,Larry Kenon,PF,30,CLE,32,624,13.2,0.506,0.005,0.217,9.3,12.1,10.7,8.2,1.7,0.8,14.4,18.3,,0.4,0.5,0.8,0.065,,-0.2,-0.4,-0.6,0.2
151,Albert King,SF,23,NJN,79,2447,15.6,0.508,0.019,0.185,7.3,13.6,10.5,18.2,1.8,1,15.6,25.2,,1.7,3.9,5.7,0.112,,0.3,0.3,0.5,1.6
152,Bernard King*,SF,26,NYK,68,2207,20.3,0.566,0.005,0.34,5.2,12.2,8.7,16,2,0.4,13,29.1,,4,3.5,7.5,0.163,,2.8,0.7,3.5,3.1
153,Reggie King,SF,25,KCK,58,995,10.5,0.526,0,0.427,9.9,16.2,13,7,1.3,0.6,19.6,12.8,,0.7,1,1.6,0.077,,-0.8,-0.2,-1,0.3
154,Billy Knight,SG,30,IND,80,2262,18.7,0.589,0.019,0.415,6.9,8.6,7.7,12,1.3,0.2,14.2,23.6,,5.5,0.3,5.8,0.123,,2.8,-2.2,0.6,1.5
155,Joe Kopicki,PF,22,WSB,17,201,15.1,0.54,0.02,0.49,9.8,24.5,17.1,6.2,2.2,0.6,11.4,14.4,,0.3,0.4,0.7,0.177,,-1.1,1.3,0.2,0.2
156,Joel Kramer,C,27,PHO,54,458,8.8,0.459,0.01,0.154,10.3,10.9,10.6,10,1.5,0.7,16.5,11.9,,0.2,0.6,0.8,0.085,,-2.2,0.6,-1.6,0
157,Sam Lacey,C,34,CLE,60,1232,6.5,0.451,0.034,0.14,5.6,16,10.7,13.1,1.2,1.2,25.9,12.9,,-1.1,1,-0.1,-0.004,,-4.6,0.7,-3.9,-0.6
158,Bill Laimbeer,C,25,DET,82,2871,16.6,0.552,0.015,0.353,10,26.3,18,12.1,0.8,2.2,14.8,16,,4.9,3.6,8.5,0.142,,0.8,0.5,1.3,2.4
159,Jeff Lamp,SF,23,POR,59,690,10,0.467,0.024,0.206,4,8.3,6.2,11.7,1.4,0.2,12.1,18.4,,0.1,0.5,0.7,0.046,,-2.3,-0.9,-3.2,-0.2
160,Mark Landsberger,PF,27,LAL,39,356,10.2,0.434,0,0.245,17.9,21.7,19.9,3.8,1,0.6,15,14.8,,0.1,0.4,0.4,0.061,,-2.4,-2.5,-4.8,-0.3
161,Bob Lanier*,C,34,MIL,39,978,14.5,0.534,0.003,0.401,6.8,15.2,11.2,15.1,1.7,1.4,17.4,20,,0.8,1.5,2.3,0.112,,-0.4,0.9,0.5,0.6
162,Allen Leavell,PG,25,HOU,79,2602,15.8,0.49,0.165,0.28,2.5,5.7,4,30.1,3,0.3,14.3,21.3,,2.3,1.5,3.8,0.071,,0.9,-0.1,0.8,1.8
163,Ronnie Lester,PG,24,CHI,65,1437,13.4,0.506,0.011,0.383,3.4,9.4,6.4,30.9,1.6,0.2,20.5,17.6,,1.1,0.6,1.7,0.057,,-0.2,-1.2,-1.4,0.2
164,Fat Lever,PG,22,POR,81,2020,14.8,0.477,0.025,0.268,4.7,7.8,6.2,28.2,3.6,0.4,17.1,16.1,,1.7,2.6,4.4,0.104,,0.2,1.7,1.9,2
165,Cliff Levingston,PF,22,DET,62,879,12.9,0.517,0.004,0.544,12,15.5,13.7,7.8,1.2,2.2,17.9,17.9,,0.5,0.9,1.3,0.072,,-1.6,-0.5,-2.1,0
166,Steve Lingenfelter,PF,24,WSB,7,53,3.2,0.515,0,0.667,2.1,23.2,12.5,9.9,0.9,3.3,39.2,10,,-0.1,0.1,0,0.009,,-5.4,1.2,-4.3,0
167,Alton Lister,PF,24,MIL,80,1885,13.8,0.543,0,0.471,10.3,22.3,16.6,8,1.3,5.2,23.1,17.7,,-0.2,3.9,3.8,0.096,,-2.9,2.4,-0.5,0.7
168,Lewis Lloyd,SG,23,GSW,73,1350,17.1,0.548,0.007,0.246,6,15.2,10.4,13.8,2.1,1.3,15.8,21.7,,1.5,1.1,2.6,0.092,,1.5,-0.2,1.3,1.1
169,Scott Lloyd,C,30,DAL,15,206,11.1,0.426,0.02,0.34,9.8,14.4,12,12.2,1.4,1.6,9.5,12.2,,0.2,0.1,0.3,0.068,,-1.1,0,-1,0.1
170,Kevin Loder,SF,23,KCK,66,818,10.9,0.498,0.03,0.267,4.9,11.6,8.3,11.4,1.6,0.5,16,18.8,,0.2,0.7,0.9,0.051,,-1.7,-0.3,-2,0
171,John Long,SG,26,DET,70,1485,10.8,0.487,0.01,0.211,3.8,8.9,6.3,10.1,1.3,0.4,16,23.4,,-0.7,0.9,0.2,0.005,,-2.8,-1.8,-4.7,-1
172,John Lucas,PG,29,WSB,35,386,14.4,0.485,0.038,0.321,2.3,6.1,4.2,39.2,3.1,0.1,23.9,21.1,,-0.2,0.6,0.4,0.055,,0,0.9,0.8,0.3
173,Maurice Lucas,PF,30,PHO,77,2586,16.1,0.528,0.003,0.341,9,24.5,17.1,11.9,1,0.9,15.5,22.5,,2.4,4.7,7.1,0.132,,-0.2,0,-0.3,1.1
174,Rudy Macklin,SF,24,ATL,73,1171,10.9,0.528,0.011,0.364,7.7,9.5,8.6,8.6,1.7,0.5,17.6,18,,0.5,1.2,1.8,0.073,,-2.7,0,-2.7,-0.2
175,Kyle Macy,PG,25,PHO,82,1836,16.1,0.578,0.12,0.233,2.6,7.1,5,21,1.6,0.2,11.4,17.5,,4.3,2.2,6.4,0.168,,1.5,0.4,1.9,1.8
176,Dave Magley,SF,23,CLE,14,56,3.9,0.307,0.063,0.5,4,16.7,10.2,4.8,1.8,0,9.3,16.1,,-0.1,0,-0.1,-0.066,,-4.7,-0.3,-5,-0.1
177,Rick Mahorn,PF,24,WSB,82,3023,11.6,0.51,0.004,0.331,6.2,22.5,14.3,5.4,1.4,2.8,16.2,14.4,,0,6.2,6.2,0.099,,-2.6,2.2,-0.4,1.2
178,Moses Malone*,C,27,PHI,78,2922,25.1,0.578,0.001,0.604,16.8,25.9,21.6,5.1,1.4,3,13.8,26,,9.1,6,15.1,0.248,,4,-0.3,3.7,4.2
179,Wes Matthews,PG,23,ATL,64,1187,11.9,0.467,0.113,0.264,2.2,5.9,4.1,29.8,2.5,0.4,20.6,20.9,,-0.6,1.3,0.7,0.028,,-1.7,-0.3,-2,0
180,Cedric Maxwell,SF,27,BOS,79,2252,14.7,0.578,0.002,0.52,8.9,11.2,10.1,10.5,1.3,1,16.8,17,,4,2.5,6.6,0.14,,1,0,1,1.7
181,Scott May,SF,28,DET,9,155,9.9,0.498,0,0.42,6.6,11,8.7,10,1.5,0.7,18,18,,0,0.1,0.1,0.045,,-2.9,-0.4,-3.4,-0.1
182,Bob McAdoo*,C,31,LAL,47,1019,20.6,0.555,0.002,0.29,8.7,17.8,13.4,5.3,1.8,2.1,9.7,27.2,,2.3,1.2,3.5,0.167,,0.7,-0.9,-0.2,0.5
183,Hank McDowell,PF,23,TOT,56,505,10,0.533,0.016,0.484,11.7,14.5,13.1,6.2,0.7,1.2,20.7,15.4,,0.3,0.4,0.7,0.067,,-2.8,-0.9,-3.7,-0.2
183,Hank McDowell,PF,23,GSW,14,130,9.9,0.542,0,0.621,12.1,12.9,12.5,3.8,0.7,1.7,17.8,13.6,,0.1,0.1,0.2,0.075,,-3.2,-0.7,-3.9,-0.1
183,Hank McDowell,PF,23,POR,42,375,10.1,0.531,0.021,0.443,11.6,15,13.3,7.1,0.8,1.1,21.6,16,,0.2,0.3,0.5,0.064,,-2.7,-0.9,-3.6,-0.2
184,Mike McGee,SF,23,LAL,39,381,9.4,0.451,0.043,0.141,10,5.6,7.7,8.3,1.3,0.7,13.5,20.7,,0,0.2,0.2,0.023,,-2.9,-2.3,-5.1,-0.3
185,Kevin McHale*,PF,25,BOS,82,2345,17.6,0.573,0.001,0.301,9.9,15.4,12.7,6.1,0.7,4.5,13.6,19.6,,4.1,3.4,7.5,0.154,,0.9,0.7,1.6,2.1
186,Billy McKinney,PG,27,DEN,68,1559,13.2,0.539,0.013,0.306,1.4,6.5,3.9,22.2,1.1,0.2,14,17.1,,2.3,0,2.3,0.072,,-0.4,-2,-2.3,-0.1
187,Tom McMillen,C,30,ATL,61,1364,10.8,0.522,0.002,0.314,4.5,12.4,8.5,7.9,0.6,1,14.2,17.2,,0.7,1.3,2,0.071,,-2,-0.4,-2.4,-0.1
188,Mark McNamara,C,23,PHI,36,182,7.6,0.465,0,0.703,20.6,23.3,22,5.1,0.8,0.9,30.1,26.1,,-0.5,0.3,-0.2,-0.056,,-6.7,-1.7,-8.4,-0.4
189,Joe Meriweather,C,29,KCK,78,1706,12.8,0.589,0,0.36,9.5,17.4,13.4,4.8,1.2,2.8,18.4,14.5,,1.8,2.1,3.8,0.108,,-1.4,0.7,-0.7,0.6
190,Mike Mitchell,SF,27,SAS,80,2803,16.9,0.541,0.002,0.215,7.6,13.1,10.4,5.1,0.9,1,7.9,22.7,,5.9,1.7,7.6,0.131,,1.1,-1.8,-0.7,0.9
191,Steve Mix,SF,35,TOT,58,809,15.1,0.544,0.014,0.311,5.4,12.8,9.3,12.1,2,0.2,12.3,18.7,,1.3,1.1,2.4,0.142,,0.2,0.6,0.8,0.6
191,Steve Mix,SF,35,MIL,57,792,15.1,0.548,0.015,0.319,5.4,13.1,9.4,12.1,2,0.2,12.6,18.6,,1.2,1.1,2.4,0.143,,0.3,0.6,0.9,0.6
191,Steve Mix,SF,35,LAL,1,17,13.2,0.431,0,0.1,6.8,0,3.3,15.3,0,0,0,24.3,,0,0,0,0.086,,-3.7,-0.4,-4.1,0
192,Paul Mokeski,C,26,TOT,73,1128,8.3,0.497,0.004,0.262,7.6,18.1,12.9,5.8,0.9,2.2,18.8,13.2,,0,1.4,1.4,0.06,,-4.4,0.8,-3.7,-0.5
192,Paul Mokeski,C,26,CLE,23,539,9.9,0.476,0,0.215,9.7,19.7,14.6,6.7,1.1,2.5,16.9,12.4,,0.1,0.6,0.6,0.057,,-3,0.8,-2.3,0
192,Paul Mokeski,C,26,MIL,50,589,6.9,0.514,0.007,0.302,5.7,16.6,11.4,5.1,0.7,2,20.3,13.9,,-0.1,0.9,0.8,0.063,,-5.7,0.8,-5,-0.4
193,Sidney Moncrief*,SG,25,MIL,76,2710,22.6,0.602,0.009,0.522,8.2,9.5,8.9,16.9,2,0.5,12.2,24.7,,9.7,3.5,13.2,0.233,,5.1,0.4,5.4,5.1
194,Johnny Moore,PG,24,SAS,77,2552,17.5,0.507,0.026,0.237,2.9,8.7,5.9,37.8,3.5,0.7,19.6,18,,3.8,2.8,6.6,0.123,,1.8,1.2,3,3.2
195,Lowes Moore,PG,25,SDC,37,642,8.8,0.489,0.121,0.295,2.5,7.7,4.9,14.4,1.6,0.1,17.6,15.8,,0.1,0.1,0.2,0.017,,-2.9,-1.4,-4.3,-0.4
196,Guy Morgan,SG,22,IND,8,46,9.9,0.291,0,0.167,13.4,27.1,19.9,19.4,2,0,7.2,23.7,,-0.1,0,-0.1,-0.059,,-4.1,-0.5,-4.6,0
197,Calvin Murphy*,PG,34,HOU,64,1423,14.8,0.498,0.019,0.199,2.4,3.2,2.8,18.2,1.9,0.2,9.8,25.5,,1.3,0.4,1.6,0.055,,-0.5,-1.1,-1.7,0.1
198,Larry Nance,PF,23,PHO,82,2914,18.7,0.573,0.003,0.268,9.5,17.1,13.5,9.7,1.6,4.2,13.7,19.4,,4.8,5.6,10.5,0.172,,1.7,1.8,3.5,4
199,Swen Nater,C,33,SDC,7,51,6.6,0.368,0,0.2,4.1,26.7,14.5,2.5,0.9,0,12.1,18.9,,-0.1,0,-0.1,-0.053,,-4,-1,-5,-0.1
200,Calvin Natt,SF,26,POR,80,2879,19,0.593,0.017,0.361,8.3,15.1,11.7,9.1,1,0.6,12.9,22.3,,7.1,2.7,9.8,0.164,,3,-1.1,1.8,2.8
201,Kenny Natt,SG,24,UTA,22,210,9.1,0.537,0.027,0.192,3,7.5,5.3,18.7,1.1,0,21.7,18.8,,-0.1,0.1,0.1,0.013,,-3.8,-1.1,-4.9,-0.2
202,Ed Nealy,PF,22,KCK,82,1643,11.6,0.612,0,0.462,11.2,20.7,16,4.4,1.9,0.4,14.6,8.1,,2.6,2.1,4.7,0.137,,-0.2,0.9,0.6,1.1
203,Chuck Nevitt,C,23,HOU,6,64,14.8,0.686,0,0.267,9.4,19.6,14.2,0,0.7,10.4,29.5,14.8,,0,0.1,0.1,0.057,,-3.9,1.2,-2.7,0
204,Carl Nicks,SG,24,CLE,9,148,12.1,0.474,0.017,0.288,6,14.2,10,11.5,2,0,14.2,22,,0,0.1,0.1,0.032,,-2.6,-0.1,-2.7,0
205,Kurt Nimphius,C,24,DAL,81,1515,12.5,0.511,0.003,0.394,11,17.9,14.4,9.3,0.7,4,13.7,12.6,,1.8,1.1,2.9,0.093,,-1.5,0.8,-0.7,0.5
206,Norm Nixon,PG,27,LAL,79,2711,13.9,0.498,0.012,0.15,2.6,5.6,4.2,25.8,1.8,0.1,16.5,20.9,,2.5,1.4,3.9,0.069,,-0.2,-1.8,-1.9,0
207,Audie Norris,C,22,POR,30,311,5,0.433,0,0.476,9,15.9,12.4,9.7,2,0.4,30.2,14.3,,-0.5,0.4,-0.1,-0.022,,-5.5,0.2,-5.2,-0.3
208,Mike O'Koren,SF,24,NJN,46,803,13.4,0.55,0.035,0.185,6,10,8,14.2,2.4,0.8,18.1,16.7,,0.7,1.3,2,0.118,,-0.1,1.5,1.3,0.7
209,Mark Olberding,PF,26,CHI,80,1817,11,0.553,0.023,0.475,6.4,14.7,10.5,9.6,1.2,0.3,19.4,16.7,,1.3,1,2.3,0.06,,-1.9,-0.8,-2.7,-0.3
210,Jawann Oldham,C,25,CHI,16,171,14.5,0.547,0,0.379,11.3,18.1,14.7,4.1,1.3,4,16.1,18.2,,0.1,0.2,0.3,0.085,,-2.4,0.2,-2.2,0
211,Louis Orr,SF,24,NYK,82,1666,13.3,0.513,0.003,0.295,6.5,9.6,8,8.5,1.9,0.9,12.2,19.5,,1.4,2.5,3.8,0.111,,-0.2,0.6,0.4,1
212,Tom Owens,C,33,DET,49,725,8.7,0.468,0,0.344,9.3,17.6,13.3,7.6,0.8,1,17.8,14.3,,0,0.6,0.6,0.041,,-3.5,-0.7,-4.2,-0.4
213,Robert Parish*,C,29,BOS,78,2459,23,0.582,0.001,0.345,11.4,24.6,18.1,8.4,1.5,3.3,12.5,23.6,,6.2,4.6,10.8,0.211,,3.5,0.8,4.3,3.9
214,Billy Paultz,C,34,TOT,64,820,9.5,0.453,0,0.26,8,18.7,13.1,10.3,1,1.2,15.7,14.6,,-0.2,0.6,0.3,0.02,,-2.9,-0.5,-3.4,-0.3
214,Billy Paultz,C,34,HOU,57,695,9.6,0.453,0,0.285,7.8,18.6,12.9,11.4,0.8,1,15.4,15.3,,-0.2,0.4,0.2,0.014,,-3,-0.7,-3.7,-0.3
214,Billy Paultz,C,34,SAS,7,125,9.4,0.448,0,0.074,9.1,19.4,14.4,3.8,1.9,2.6,17.7,10.8,,0,0.2,0.1,0.052,,-2.4,0.3,-2,0
215,Jim Paxson,SG,25,POR,81,2740,20.1,0.573,0.019,0.361,2.8,4.4,3.6,13.5,2.4,0.3,9.2,25.1,,7.8,2.4,10.2,0.178,,3,0.1,3,3.5
216,Sam Pellom,PF,31,TOT,6,29,6.7,0.375,0,0,8,21.7,15.2,5.5,0,0,11.1,25.7,,-0.1,0,0,-0.065,,-4.6,-0.4,-5,-0.1
216,Sam Pellom,PF,31,ATL,2,9,6.6,0.333,0,0,0,0,0,17.8,0,0,0,27.8,,0,0,0,-0.097,,-4.4,-0.2,-4.6,0
216,Sam Pellom,PF,31,MIL,4,20,6.7,0.4,0,0,11.5,31.5,22,0,0,0,16.7,24.8,,-0.1,0,0,-0.051,,-4.6,-0.5,-5.1,0
217,Roger Phegley,SG,26,SAS,62,599,13,0.49,0.052,0.21,7.4,7.9,7.6,13.6,2.3,0.7,14.4,22.7,,0.3,0.5,0.8,0.063,,-1.8,-0.4,-2.2,0
218,Eddie Phillips,SF,21,NJN,48,416,7.5,0.464,0.014,0.428,7.4,13.4,10.5,9.2,1.6,1.1,23.4,20.2,,-0.6,0.7,0.1,0.011,,-4.6,-0.1,-4.7,-0.3
219,Ricky Pierce,SG,23,DET,39,265,5.8,0.416,0.08,0.364,5.8,8,6.9,6.7,1.4,0.8,15,17.5,,-0.3,0.2,-0.1,-0.02,,-5,-1,-5.9,-0.3
220,Charles Pittman,PF,24,PHO,28,170,6.8,0.56,0.025,0.925,8.8,11.2,10.1,5.2,0.6,2.3,28.1,18.8,,-0.1,0.2,0.1,0.032,,-5.6,-0.2,-5.8,-0.2
221,Ben Poquette,PF,27,UTA,75,2331,13.4,0.519,0.007,0.317,7,15.6,11.4,9.6,1.2,2.5,11.2,15,,2.5,2.5,5,0.103,,-0.7,0.5,-0.2,1.1
222,Kevin Porter,PG,32,WSB,11,210,8.4,0.551,0,0.15,1,1.6,1.3,29.8,2.3,0,33,12.6,,0,0.3,0.2,0.055,,-3.4,0.7,-2.7,0
223,Paul Pressey,SG,24,MIL,79,1528,12.8,0.489,0.019,0.378,6.3,13.6,10.1,18.3,3.1,1.7,23,19.1,,-0.9,2.8,2,0.062,,-1.5,2.2,0.8,1.1
224,Mark Radford,SG,23,SEA,54,439,12.1,0.495,0.105,0.424,3.1,8.1,5.7,33.1,3.6,0.5,26.6,25.4,,-0.7,0.7,0,-0.001,,-3,0.6,-2.4,0
225,Ed Rains,SF,26,SAS,34,292,8.2,0.466,0.012,0.518,9.7,6.8,8.2,9.2,1.6,0.2,19.7,17.3,,-0.1,0.1,0.1,0.015,,-2.9,-1.3,-4.1,-0.2
226,Kurt Rambis,PF,24,LAL,78,1806,14.1,0.601,0.005,0.402,10.5,21.5,16.3,5.7,2.7,1.9,23,13.8,,1.6,2.8,4.3,0.116,,-0.8,1.1,0.2,1
227,Kelvin Ransey,PG,24,DAL,76,1607,15.7,0.504,0.021,0.267,2.9,7,4.9,24.3,1.7,0.1,13.4,23.7,,1.9,0.3,2.2,0.066,,0.8,-1.8,-1,0.4
228,James Ray,PF,25,DEN,45,433,11.9,0.493,0.007,0.333,8.6,20.8,14.7,10.7,2.4,2.2,22.2,19.2,,-0.3,0.5,0.2,0.022,,-3.6,0.4,-3.2,-0.1
229,Clint Richardson,SG,26,PHI,77,1755,11.4,0.485,0.011,0.199,6.2,8.6,7.4,12.6,1.9,0.6,14,16,,1.1,2.2,3.3,0.09,,-1.1,0.7,-0.4,0.7
230,Micheal Ray Richardson,PG,27,TOT,64,2076,13.9,0.454,0.063,0.2,6,9.8,7.9,28.2,4,0.7,21.6,21.4,,-1.1,3.2,2,0.047,,-1.2,1.6,0.4,1.3
230,Micheal Ray Richardson,PG,27,GSW,33,1074,13.6,0.442,0.073,0.204,4.4,10.4,7.3,30.3,4.3,0.5,22.7,22,,-1.1,1.2,0.1,0.006,,-1.7,0.9,-0.8,0.3
230,Micheal Ray Richardson,PG,27,NJN,31,1002,14.2,0.469,0.052,0.196,7.8,9.1,8.5,25.9,3.7,0.9,20.2,20.7,,0,1.9,1.9,0.092,,-0.6,2.3,1.7,0.9
231,Rick Robey,C,27,BOS,59,855,8.6,0.493,0,0.364,10,17.5,13.8,9.3,0.7,0.5,22.5,14.7,,-0.1,1,0.9,0.049,,-3.2,-0.3,-3.5,-0.3
232,Cliff Robinson,PF,22,CLE,77,2601,17.5,0.509,0.004,0.245,8.1,29.9,18.7,9.3,1.2,1.3,14.1,25.6,,1.2,3.2,4.4,0.081,,0.1,-0.4,-0.3,1.1
233,Oliver Robinson,SG,22,SAS,35,147,14.1,0.432,0.113,0.464,4.6,7.9,6.3,20.5,1.3,0.7,10,35.2,,0,0.1,0.1,0.018,,-3.1,-1.9,-5,-0.1
234,Truck Robinson,PF,31,NYK,81,2426,10.7,0.485,0,0.285,9.5,22.4,15.9,8.6,1.2,0.6,19.3,17.3,,-1,4.2,3.3,0.065,,-2.2,0.3,-1.9,0.1
235,Dave Robisch,C,33,DEN,61,711,10.3,0.469,0.004,0.47,4.8,16.7,10.7,8.6,0.6,0.6,12.9,18.1,,0.1,0.2,0.4,0.024,,-2.1,-2.2,-4.3,-0.4
236,Tree Rollins,C,27,ATL,80,2472,15.4,0.543,0.002,0.264,9.1,22.8,16,4.1,1,7.8,14.3,11.2,,2.3,5,7.3,0.142,,-1,3.7,2.7,3
237,Lorenzo Romar,PG,24,GSW,82,2130,12.3,0.501,0.058,0.184,1.1,6,3.5,27,2.1,0.1,18.6,14,,1.7,0.9,2.6,0.058,,-0.5,-0.8,-1.3,0.4
238,Dan Roundfield,PF,29,ATL,77,2811,18.8,0.526,0.023,0.377,9.8,23.4,16.6,12.4,1,2.3,15,24.2,,2.9,4.5,7.4,0.127,,1.3,0.5,1.7,2.6
239,Jeff Ruland,C,24,WSB,79,2862,19.4,0.595,0.003,0.518,11.2,22.6,16.8,12.9,1.2,1.5,18.7,23,,4.6,5.5,10.1,0.169,,1.5,1.3,2.8,3.5
240,Walker Russell,PG,22,DET,68,757,5.3,0.437,0.098,0.315,2.6,7.6,5,21,1,0.1,30.5,15.4,,-1.2,0.3,-0.8,-0.054,,-4.6,-2.1,-6.7,-0.9
241,Mike Sanders,SF,22,SAS,26,393,14.2,0.52,0.013,0.274,8.9,16.9,13,6.5,2.1,0.8,13.7,20.7,,0.4,0.4,0.8,0.093,,-1.4,-0.4,-1.8,0
242,Danny Schayes,C,23,TOT,82,2284,12.1,0.519,0.001,0.394,9.1,19,14.1,11.7,1,2.2,22.4,19.1,,-0.4,2.3,2,0.041,,-2.7,-0.3,-3,-0.6
242,Danny Schayes,C,23,UTA,50,1638,11.7,0.516,0.002,0.379,8.8,18.9,14,13.4,1.1,2.1,24.5,19,,-0.8,1.9,1.1,0.033,,-2.8,0,-2.8,-0.3
242,Danny Schayes,C,23,DEN,32,646,13.2,0.525,0,0.426,9.8,19.3,14.6,7.5,1,2.3,17.2,19.3,,0.4,0.4,0.8,0.062,,-2.3,-1.2,-3.5,-0.2
243,Russ Schoene,PF,22,TOT,77,1222,10.9,0.505,0.009,0.191,8.4,13.7,11.1,6.4,1,1,14.7,17.8,,0.6,1.1,1.7,0.066,,-2.5,-0.9,-3.5,-0.4
243,Russ Schoene,PF,22,PHI,46,702,9.8,0.531,0.005,0.135,8.2,14.7,11.6,6,0.9,0.7,17.3,15,,0.4,0.9,1.3,0.089,,-2.8,0,-2.9,-0.2
243,Russ Schoene,PF,22,IND,31,520,12.3,0.482,0.013,0.241,8.7,12.4,10.5,7,1.1,1.5,12.2,21.7,,0.2,0.2,0.4,0.034,,-2.1,-2.2,-4.3,-0.3
244,Alvin Scott,SF,27,PHO,81,1139,11.8,0.535,0.008,0.425,6.1,15.2,10.9,10.8,2,1.5,17.2,13.3,,0.9,2,2.9,0.121,,-1.2,1.8,0.6,0.8
245,Lonnie Shelton,PF,27,SEA,82,2572,12.7,0.509,0.007,0.204,6.9,13.4,10.3,12.5,1.4,1.5,14.7,18.2,,1.6,3.2,4.8,0.09,,-1.1,0.5,-0.5,1
246,Ed Sherod,PG,23,NYK,64,1624,11.4,0.433,0.031,0.19,3.1,7.7,5.4,26.6,2.9,0.5,18.6,14.7,,-0.2,2.7,2.5,0.073,,-1.3,2.1,0.8,1.1
247,Purvis Short,SF,25,GSW,67,2397,17.6,0.534,0.012,0.255,6.3,9.8,8,14.2,1.8,0.3,12.6,25.2,,4,1.2,5.2,0.103,,1.5,-1.3,0.1,1.3
248,Jerry Sichting,PG,26,IND,78,2435,11.7,0.513,0.027,0.162,1.4,5.7,3.4,22.1,2,0,16.3,13.6,,2.3,0.4,2.7,0.053,,-1.5,-1,-2.5,-0.3
249,Jack Sikma*,C,27,SEA,75,2564,19.6,0.546,0.008,0.458,9.3,25.7,17.8,12.6,1.6,1.3,13.2,22.5,,5.2,4.6,9.8,0.183,,1.6,0.9,2.5,2.9
250,Jose Slaughter,SG,22,IND,63,515,10.5,0.426,0.172,0.248,6.8,7.5,7.1,13.3,3.2,0.8,13.7,23.3,,-0.4,0.3,-0.1,-0.007,,-3.7,-0.5,-4.2,-0.3
251,Derek Smith,SF,21,GSW,27,154,6.9,0.476,0.039,0.49,6.8,20.4,13.4,1.7,0,1.4,15.1,18.6,,0,0.1,0,0.014,,-5.5,-1.3,-6.9,-0.3
252,Jim Smith,PF,24,DET,4,18,14.2,0.694,0,1,0,29.5,14.4,0,0,0,0,12.4,,0.1,0,0.1,0.189,,-4,0,-4,0
253,Larry Smith,PF,25,GSW,49,1433,13.2,0.591,0,0.324,15.3,21.6,18.3,4.1,1.2,0.8,19.2,11.8,,1.9,1.1,3.1,0.102,,-0.2,-1.5,-1.8,0.1
254,Phil Smith,SG,30,SEA,79,1238,11.7,0.495,0.02,0.333,2.4,8.5,5.6,22.8,1.7,0.3,18.2,18.1,,0.4,1.2,1.7,0.065,,-1.7,0,-1.7,0.1
255,Randy Smith,SG,34,TOT,80,1406,14.5,0.532,0.032,0.232,2.8,5.1,3.9,20.5,1.9,0,13.6,20.1,,2.2,0.3,2.5,0.085,,0,-1.3,-1.3,0.2
255,Randy Smith,SG,34,SDC,65,1264,14.9,0.538,0.032,0.234,2.9,5.2,4,21.1,2,0,13.9,19.7,,2.2,0.2,2.4,0.089,,0.3,-1.3,-1,0.3
255,Randy Smith,SG,34,ATL,15,142,11.5,0.492,0.03,0.212,1.5,4.5,3,15.3,0.7,0,11.1,23.8,,0.1,0.1,0.1,0.048,,-2.9,-0.9,-3.8,-0.1
256,Robert Smith,PG,27,TOT,12,68,6.8,0.405,0.083,0.417,1.6,8.3,4.9,14.2,3.4,0,17.4,19.9,,-0.1,0.1,0,-0.024,,-4.7,0.1,-4.6,-0.1
256,Robert Smith,PG,27,SDC,5,43,6.3,0.333,0.077,0.615,2.5,5.8,4,16.1,4.3,0,15.4,17.7,,-0.1,0,0,-0.033,,-4.6,0.2,-4.4,0
256,Robert Smith,PG,27,SAS,7,25,7.8,0.505,0.091,0.182,0,12.6,6.5,10.9,1.9,0,20.2,23.7,,0,0,0,-0.007,,-4.9,-0.1,-5,0
257,Ricky Sobers,SG,30,WSB,41,1438,12.8,0.524,0.103,0.346,2.7,5.2,3.9,22.6,2,0.6,19.3,22,,0.4,2,2.4,0.08,,-1.2,0.6,-0.7,0.5
258,Jim Spanarkel,SG,25,DAL,48,722,12.2,0.551,0.051,0.574,4,8.7,6.3,13.4,1.7,0.2,18.2,16.5,,0.8,0.2,1,0.064,,-0.8,-0.8,-1.5,0.1
259,Rory Sparrow,PG,24,TOT,81,2428,13.2,0.521,0.027,0.246,2.8,7.7,5.2,24.1,2.2,0.1,18,18.9,,1.4,2.9,4.2,0.084,,-1.2,0.6,-0.7,0.8
259,Rory Sparrow,PG,24,ATL,49,1548,13.7,0.547,0.029,0.221,2.7,7,4.8,22.7,2.2,0,18.3,18.5,,1.2,1.6,2.8,0.087,,-1.2,0.4,-0.8,0.5
259,Rory Sparrow,PG,24,NYK,32,880,12.3,0.478,0.023,0.289,2.9,9,5.9,26.5,2.1,0.3,17.5,19.7,,0.2,1.3,1.4,0.079,,-1.4,0.9,-0.5,0.3
260,Larry Spriggs,SF,23,CHI,9,39,15.7,0.455,0,0.35,5.5,19.2,12.3,11.3,1.2,2.7,8,24.9,,0,0,0.1,0.069,,-3.3,-0.1,-3.4,0
261,Brook Steppe,SG,23,KCK,62,606,11.5,0.557,0.04,0.568,4.5,8.6,6.5,14,1.9,0.3,20,17.4,,0.5,0.5,1.1,0.084,,-1.8,0.2,-1.6,0.1
262,Jeff Taylor,SG,23,HOU,44,774,7.9,0.438,0.006,0.288,3.3,7.8,5.4,18.6,2.4,1.1,25,12.4,,-0.6,0.5,-0.2,-0.011,,-3.9,0.8,-3.1,-0.2
263,Vince Taylor,SG,22,NYK,31,321,7.6,0.409,0,0.314,6.9,6.3,6.6,18,3.1,0.4,20.5,19.4,,-0.5,0.5,0.1,0.009,,-4.6,1.4,-3.2,-0.1
264,Terry Teagle,SG,22,HOU,73,1708,10.3,0.458,0.037,0.161,4.4,8,6.1,13.5,1.5,0.6,14.2,22.7,,-1.4,0.6,-0.8,-0.022,,-2.6,-1.6,-4.2,-1
265,Carlos Terry,SG,26,WSB,55,514,7.9,0.391,0.019,0.142,5.8,15.7,10.7,11.8,2.3,1.5,15.1,10.7,,-0.2,1,0.8,0.072,,-3.9,3.3,-0.6,0.2
266,Reggie Theus,PG,25,CHI,82,2856,19.2,0.541,0.058,0.346,3.4,7.8,5.6,27.1,2.3,0.3,15.1,28.8,,5,1.6,6.5,0.11,,2.3,-1,1.4,2.4
267,David Thirdkill,SF,22,PHO,49,521,7.5,0.475,0.041,0.459,6.2,8.9,7.6,9.1,1.7,0.4,19,19.8,,-0.4,0.7,0.3,0.023,,-5,-0.4,-5.5,-0.5
268,Isiah Thomas*,PG,21,DET,81,3093,18.9,0.525,0.081,0.337,3.5,7.7,5.5,30.3,2.9,0.5,15.6,26.1,,4.5,3,7.4,0.115,,1.9,0,1.9,3
269,Corny Thompson,PF,22,DAL,44,520,6,0.388,0,0.336,8.3,16.7,12.4,7.7,1.1,0.7,16.5,14.3,,-0.4,0.3,-0.1,-0.01,,-4.8,-1.1,-5.9,-0.5
270,David Thompson*,SG,28,SEA,75,2155,16.1,0.545,0.011,0.411,5,8.2,6.7,14.7,1,0.8,13,23.3,,3.6,1.8,5.4,0.12,,1.2,-0.8,0.3,1.3
271,LaSalle Thompson,C,21,KCK,71,987,14.7,0.551,0.003,0.477,14.6,26.5,20.5,4.2,1.8,3.5,21.7,17.3,,0.5,1.7,2.3,0.11,,-1.9,0.8,-1.1,0.2
272,Mychal Thompson,C,28,POR,80,3017,15.4,0.52,0.001,0.388,6.8,21.3,14,17.8,1.1,2.1,18.9,20.1,,1.5,3.9,5.4,0.086,,0.8,0.7,1.5,2.7
273,Darren Tillis,C,22,TOT,52,526,10.8,0.435,0.006,0.155,8.6,19.6,14,5,0.7,3.3,10.2,17,,-0.1,0.6,0.5,0.043,,-2.9,0.2,-2.7,-0.2
273,Darren Tillis,C,22,BOS,15,44,1.5,0.312,0.043,0.261,9.8,12.1,11,5.9,0,2.5,13.5,26.4,,-0.2,0,-0.1,-0.147,,-5.7,-0.9,-6.6,-0.1
273,Darren Tillis,C,22,CLE,37,482,11.6,0.453,0,0.139,8.5,20.3,14.3,4.9,0.8,3.4,9.7,16.2,,0.1,0.5,0.6,0.061,,-2.6,0.3,-2.3,0
274,Ray Tolbert,PF,24,TOT,73,1107,9.8,0.509,0.01,0.328,7,15.9,11.5,5.9,1.1,2.2,18.8,15.8,,-0.3,1.3,1.1,0.047,,-3.2,0.4,-2.8,-0.2
274,Ray Tolbert,PF,24,SEA,45,712,9.7,0.535,0.011,0.232,7.2,15,11.3,5.7,1,1.8,19.6,14.6,,0,0.9,0.9,0.061,,-2.9,0.4,-2.5,-0.1
274,Ray Tolbert,PF,24,DET,28,395,10.1,0.473,0.008,0.476,6.7,17.5,12,6.3,1.1,3.1,17.6,17.8,,-0.3,0.4,0.2,0.022,,-3.6,0.2,-3.4,-0.1
275,Andrew Toney,SG,25,PHI,81,2474,17.9,0.558,0.061,0.329,1.9,7.5,4.8,22.5,1.5,0.4,15.9,27.3,,4.6,2.7,7.3,0.141,,1.4,-0.7,0.7,1.7
276,Linton Townes,SF,23,POR,55,516,11.9,0.493,0.107,0.162,6.5,7.6,7.1,8.9,1.8,0.5,11.6,22.3,,0.2,0.4,0.7,0.064,,-1.8,-1,-2.8,-0.1
277,Kelly Tripucka,SF,23,DET,58,2252,19.8,0.565,0.032,0.401,5.7,6.5,6.1,15.9,1.3,0.5,12.1,26.5,,5.9,1.2,7.1,0.151,,3.3,-1.4,1.9,2.2
278,Trent Tucker,SG,23,NYK,78,1830,11.6,0.485,0.046,0.099,4.8,9.1,6.9,16.1,1.5,0.2,9.4,17.3,,1.5,2.4,4,0.104,,-1.3,0.9,-0.4,0.7
279,Elston Turner,SF,23,DAL,59,879,9,0.426,0.013,0.126,8.2,10.5,9.3,12.2,2.5,0,19,14,,-0.3,0.5,0.1,0.006,,-2.2,-0.1,-2.2,-0.1
280,Terry Tyler,SF,26,DET,82,2543,15.1,0.512,0.017,0.223,7.2,15,11,8.3,1.8,3.3,11,16.5,,2.8,3.1,5.8,0.11,,0.4,1.2,1.6,2.3
281,Darnell Valentine,PG,23,POR,47,1298,17.3,0.53,0.002,0.463,2.9,7.2,5.1,31.6,3.7,0.2,19.1,21.4,,1.7,1.7,3.4,0.124,,0.9,1.1,2,1.3
282,Jan van Breda Kolff,SF,31,NJN,13,63,8.6,0.451,0,0.429,3.6,19.5,11.7,9.8,1.5,1.9,15.3,12.3,,0,0.1,0.1,0.095,,-3.8,0.7,-3.1,0
283,Kiki Vandeweghe,PF,24,DEN,82,2909,21.8,0.613,0.033,0.364,4.3,10.9,7.6,9.8,1,0.7,9,24.9,,10.5,0.6,11,0.182,,4.4,-2.1,2.4,3.2
284,Pete Verhoeven,PF,23,POR,48,527,10.9,0.528,0.006,0.181,9.3,11.1,10.2,8.5,1.6,1,17.8,17.3,,0.2,0.5,0.8,0.069,,-2.4,-0.2,-2.7,-0.1
285,Jay Vincent,PF,23,DAL,81,2726,17.1,0.532,0.002,0.27,8.4,15.1,11.7,11.1,1.2,0.9,11.7,23.4,,4.8,1.2,6,0.105,,1.3,-1.5,-0.2,1.2
286,Danny Vranes,SF,24,SEA,82,2054,10.6,0.544,0.002,0.487,9.6,12.3,11,7.3,1.2,1.3,16.4,12.1,,1.9,2.3,4.2,0.099,,-1.3,0.5,-0.7,0.7
287,Foots Walker,PG,31,NJN,79,1388,11.4,0.548,0.048,0.596,2.5,8.5,5.5,23.5,2.6,0.1,24.8,11.9,,1.3,2.2,3.4,0.118,,-1.6,1.8,0.2,0.8
288,Wally Walker,SF,28,HOU,82,2251,10.1,0.465,0.005,0.144,6.1,12,8.9,12.9,0.8,0.5,14.4,17.8,,-0.5,0.7,0.1,0.002,,-1.9,-1.6,-3.6,-0.9
289,Bill Walton*,C,30,SDC,33,1099,18,0.54,0,0.309,7.2,27.9,16.7,14.9,1.4,6.3,19.6,18.9,,0.6,1.3,2,0.086,,0.4,2.5,2.9,1.4
290,Bryan Warrick,PG,23,WSB,43,727,6.5,0.439,0.029,0.333,2.3,8.3,5.3,23.3,1.4,0.6,26.6,15.2,,-0.9,1,0.1,0.008,,-5.1,0.8,-4.3,-0.4
291,Marvin Webster,C,30,NYK,82,1472,14,0.539,0.003,0.544,13.9,21.5,17.7,4.7,1.2,5.5,19.9,14.8,,0.8,3.2,4,0.13,,-1.6,2.2,0.6,1
292,Scott Wedman,SF,30,TOT,75,1793,12.7,0.505,0.041,0.136,6,11.7,8.8,10.2,1.1,0.5,13.1,22.1,,0.9,1.3,2.2,0.058,,-1.1,-1,-2.1,-0.1
292,Scott Wedman,SF,30,CLE,35,1290,13.7,0.514,0.038,0.132,5.9,12.6,9.2,11,0.9,0.5,13.2,23.1,,0.8,0.7,1.5,0.056,,-0.4,-1.3,-1.7,0.1
292,Scott Wedman,SF,30,BOS,40,503,10.3,0.479,0.049,0.146,6.2,9.5,7.9,8.2,1.8,0.7,12.8,19.5,,0.1,0.6,0.7,0.063,,-3,-0.1,-3.1,-0.1
293,Paul Westphal*,SG,32,NYK,80,1978,14.1,0.516,0.069,0.266,1.1,5.8,3.4,33.4,2.2,0.5,20.2,20.9,,1,2.7,3.7,0.091,,0.2,0.2,0.4,1.2
294,Rory White,SF,23,PHO,65,626,14.7,0.575,0.004,0.466,8.7,9.8,9.3,6.9,1.2,0.2,15.3,21.7,,0.8,0.7,1.5,0.118,,0.3,-1.3,-1.1,0.2
295,Jerome Whitehead,C,26,SDC,46,905,15.4,0.581,0,0.284,12.2,21.3,16.4,6.3,1.1,1,15.9,17.6,,1.6,0.4,2.1,0.11,,-0.2,-1.8,-1.9,0
296,Bob Wilkerson,SF,28,CLE,77,1702,9.2,0.459,0.008,0.243,4,12.3,8.1,15.9,2,0.5,22.1,17.9,,-1.7,1.4,-0.3,-0.01,,-3.3,0.1,-3.2,-0.5
297,Jamaal Wilkes*,SF,29,LAL,80,2552,17.6,0.558,0.005,0.208,6.6,8.2,7.4,9.7,1.2,0.4,9.6,24.1,,6.1,1.3,7.4,0.139,,1.6,-2.1,-0.5,1
298,James Wilkes,SF,24,DET,9,129,6.9,0.419,0.029,0.441,7.1,8.2,7.7,9.4,1.1,0.4,11,13.6,,0,0.1,0.1,0.038,,-3.5,-0.5,-4,-0.1
299,Dominique Wilkins*,SF,23,ATL,82,2697,16.6,0.524,0.009,0.276,8.9,9.9,9.4,7.7,1.5,1.3,11.6,23.9,,2.9,2.9,5.8,0.103,,1.2,-0.6,0.5,1.7
300,Jeff Wilkins,C,27,UTA,81,2307,11.6,0.517,0.004,0.245,7,19,13.2,7.9,0.8,0.9,17.1,18.5,,0.1,2.3,2.4,0.049,,-2.4,-1.2,-3.6,-0.9
301,Buck Williams,PF,22,NJN,82,2961,18.6,0.611,0.004,0.573,14.1,25,19.6,5.9,1.4,2.2,17.7,18.4,,5.5,5.9,11.4,0.185,,1.6,0.4,2,3
302,Freeman Williams,SG,26,UTA,18,210,5.9,0.411,0.069,0.248,1.5,6.6,4.1,6.6,1.3,0.2,9.7,23.1,,-0.3,0.1,-0.2,-0.05,,-5.6,-1.7,-7.3,-0.4
303,Gus Williams,PG,29,SEA,80,2761,20.5,0.517,0.031,0.267,2.9,4.9,4,34.8,3.1,0.5,12.9,25.8,,5.2,3.3,8.5,0.148,,3.6,0.6,4.2,4.3
304,Herb Williams,C,24,IND,78,2513,17.4,0.522,0.006,0.189,6.2,19.5,12.5,14.8,1,3.8,15.4,23.3,,1.7,1.8,3.5,0.067,,0.6,0.2,0.8,1.8
305,Ray Williams,PG,28,KCK,72,2170,14.4,0.457,0.069,0.312,4.6,11.7,8.1,35.1,2.5,0.7,21.6,27.5,,-1.5,2.4,0.9,0.021,,-0.3,-0.9,-1.1,0.5
306,Rickey Williams,SG,25,UTA,44,346,9.6,0.464,0.022,0.393,4.6,6.6,5.6,14.6,2.6,0.6,19.4,22.2,,-0.4,0.3,-0.1,-0.017,,-4,-0.5,-4.5,-0.2
307,Rob Williams,PG,21,DEN,74,1443,10.7,0.473,0.032,0.372,2.6,7,4.8,28.8,2.6,0.4,25.4,18.7,,-0.8,0.7,-0.1,-0.004,,-2.8,-1.3,-4.1,-0.8
308,Sam Williams,PF,23,GSW,75,1533,15.6,0.566,0.002,0.357,10.5,17.5,13.9,3.9,2.1,3.2,15.4,16.8,,2,1.7,3.7,0.117,,-0.9,0.3,-0.5,0.6
309,Sly Williams,PF,25,NYK,68,1385,18.2,0.53,0.029,0.4,7.9,16.8,12.3,16,2.6,0.1,14.9,27.5,,1.2,2.6,3.8,0.132,,1.1,1.1,2.2,1.5
310,Bill Willoughby,SF,25,TOT,62,1146,8.8,0.493,0.043,0.17,6.2,12.7,9.6,7,1,0.8,14.9,14.2,,0.4,0.8,1.2,0.05,,-2.1,-0.7,-2.7,-0.2
310,Bill Willoughby,SF,25,SAS,52,1062,9.1,0.501,0.044,0.18,6.5,12.8,9.8,6.5,1,0.8,15,14,,0.5,0.7,1.2,0.052,,-1.9,-0.7,-2.6,-0.2
310,Bill Willoughby,SF,25,NJN,10,84,4.7,0.402,0.034,0.069,2.7,12,7.4,12.5,0.5,0.7,14.3,16.3,,-0.1,0.1,0,0.021,,-4.5,-0.1,-4.7,-0.1
311,Brian Winters,SG,30,MIL,57,1361,12.1,0.484,0.116,0.145,3,5.8,4.4,16.6,1.6,0.2,11.5,21.4,,0.7,1.4,2.1,0.074,,-1.3,-0.7,-2,0
312,Al Wood,SF,24,SDC,76,1822,13,0.509,0.068,0.218,5.6,9.5,7.4,10.1,1.4,1.2,12,19.7,,1.9,0.4,2.3,0.061,,-0.1,-1.6,-1.7,0.1
313,Mike Woodson,SG,24,KCK,81,2426,18.9,0.558,0.029,0.327,3.7,7.3,5.5,15,2.5,1.4,11.6,23.7,,5.3,2.4,7.8,0.153,,2.5,0.9,3.4,3.3
314,Orlando Woolridge,SF,23,CHI,57,1627,17,0.608,0.005,0.547,8,11.6,9.8,8.9,1.1,1.4,16.9,22.1,,2.9,0.8,3.6,0.107,,1.4,-1.1,0.4,1
315,James Worthy*,SF,21,LAL,77,1970,17.4,0.594,0.005,0.286,9.2,13,11.2,8.6,2.1,1.7,17,21,,3,2.1,5.1,0.125,,1,-0.1,0.8,1.4
316,Jim Zoet,C,29,DET,7,30,-0.8,0.2,0,0,10.2,17.7,13.9,3.8,1.5,5.3,44.4,11.6,,-0.1,0,-0.1,-0.123,,-5.6,0.2,-5.4,-0.1